,activity_id,source_id,experiment_id,member_id,table_id,variable_id,grid_label,zstore
0,CMIP,GISS-E2-1-G,historical,r1i1p1f1,Amon,tas,gn,gs://cmip6/CMIP6/CMIP/NASA-GISS/GISS-E2-1-G/historical/r1i1p1f1/Amon/tas/gn/v20180827/
1,CMIP,GISS-E2-1-G,historical,r2i1p1f1,Amon,tas,gn,gs://cmip6/CMIP6/CMIP/NASA-GISS/GISS-E2-1-G/historical/r2i1p1f1/Amon/tas/gn/v20180827/
2,CMIP,GISS-E2-1-G,historical,r5i1p1f1,Amon,tas,gn,gs://cmip6/CMIP6/CMIP/NASA-GISS/GISS-E2-1-G/historical/r5i1p1f1/Amon/tas/gn/v20180828/
3,CMIP,GISS-E2-1-G,historical,r4i1p1f1,Amon,tas,gn,gs://cmip6/CMIP6/CMIP/NASA-GISS/GISS-E2-1-G/historical/r4i1p1f1/Amon/tas/gn/v20180828/
4,CMIP,GISS-E2-1-G,historical,r3i1p1f1,Amon,tas,gn,gs://cmip6/CMIP6/CMIP/NASA-GISS/GISS-E2-1-G/historical/r3i1p1f1/Amon/tas/gn/v20180828/
5,CMIP,GISS-E2-1-G,historical,r6i1p1f1,Amon,tas,gn,gs://cmip6/CMIP6/CMIP/NASA-GISS/GISS-E2-1-G/historical/r6i1p1f1/Amon/tas/gn/v20180829/
6,CMIP,GISS-E2-1-G,historical,r7i1p1f1,Amon,tas,gn,gs://cmip6/CMIP6/CMIP/NASA-GISS/GISS-E2-1-G/historical/r7i1p1f1/Amon/tas/gn/v20180829/
7,CMIP,GISS-E2-1-G,historical,r10i1p1f1,Amon,tas,gn,gs://cmip6/CMIP6/CMIP/NASA-GISS/GISS-E2-1-G/historical/r10i1p1f1/Amon/tas/gn/v20180830/
8,CMIP,GISS-E2-1-G,historical,r8i1p1f1,Amon,tas,gn,gs://cmip6/CMIP6/CMIP/NASA-GISS/GISS-E2-1-G/historical/r8i1p1f1/Amon/tas/gn/v20180830/
9,CMIP,GISS-E2-1-G,historical,r9i1p1f1,Amon,tas,gn,gs://cmip6/CMIP6/CMIP/NASA-GISS/GISS-E2-1-G/historical/r9i1p1f1/Amon/tas/gn/v20180830/
10,CMIP,MIROC6,historical,r2i1p1f1,Amon,tas,gn,gs://cmip6/CMIP6/CMIP/MIROC/MIROC6/historical/r2i1p1f1/Amon/tas/gn/v20181212/
11,CMIP,MIROC6,historical,r10i1p1f1,Amon,tas,gn,gs://cmip6/CMIP6/CMIP/MIROC/MIROC6/historical/r10i1p1f1/Amon/tas/gn/v20181212/
12,CMIP,MIROC6,historical,r8i1p1f1,Amon,tas,gn,gs://cmip6/CMIP6/CMIP/MIROC/MIROC6/historical/r8i1p1f1/Amon/tas/gn/v20181212/
13,CMIP,MIROC6,historical,r7i1p1f1,Amon,tas,gn,gs://cmip6/CMIP6/CMIP/MIROC/MIROC6/historical/r7i1p1f1/Amon/tas/gn/v20181212/
14,CMIP,MIROC6,historical,r9i1p1f1,Amon,tas,gn,gs://cmip6/CMIP6/CMIP/MIROC/MIROC6/historical/r9i1p1f1/Amon/tas/gn/v20181212/
15,CMIP,MIROC6,historical,r4i1p1f1,Amon,tas,gn,gs://cmip6/CMIP6/CMIP/MIROC/MIROC6/historical/r4i1p1f1/Amon/tas/gn/v20181212/
16,CMIP,MIROC6,historical,r1i1p1f1,Amon,tas,gn,gs://cmip6/CMIP6/CMIP/MIROC/MIROC6/historical/r1i1p1f1/Amon/tas/gn/v20181212/
17,CMIP,MIROC6,historical,r3i1p1f1,Amon,tas,gn,gs://cmip6/CMIP6/CMIP/MIROC/MIROC6/historical/r3i1p1f1/Amon/tas/gn/v20181212/
18,CMIP,MIROC6,historical,r6i1p1f1,Amon,tas,gn,gs://cmip6/CMIP6/CMIP/MIROC/MIROC6/historical/r6i1p1f1/Amon/tas/gn/v20181212/
19,CMIP,MIROC6,historical,r5i1p1f1,Amon,tas,gn,gs://cmip6/CMIP6/CMIP/MIROC/MIROC6/historical/r5i1p1f1/Amon/tas/gn/v20181212/
20,CMIP,UKESM1-0-LL,historical,r1i1p1f2,Amon,tas,gn,gs://cmip6/CMIP6/CMIP/MOHC/UKESM1-0-LL/historical/r1i1p1f2/Amon/tas/gn/v20190406/
22,ScenarioMIP,CanESM5,ssp126,r19i1p1f1,Amon,tas,gn,gs://cmip6/CMIP6/ScenarioMIP/CCCma/CanESM5/ssp126/r19i1p1f1/Amon/tas/gn/v20190429/
24,ScenarioMIP,CanESM5,ssp126,r15i1p1f1,Amon,tas,gn,gs://cmip6/CMIP6/ScenarioMIP/CCCma/CanESM5/ssp126/r15i1p1f1/Amon/tas/gn/v20190429/
25,ScenarioMIP,CanESM5,ssp126,r16i1p1f1,Amon,tas,gn,gs://cmip6/CMIP6/ScenarioMIP/CCCma/CanESM5/ssp126/r16i1p1f1/Amon/tas/gn/v20190429/
26,ScenarioMIP,CanESM5,ssp126,r17i1p1f1,Amon,tas,gn,gs://cmip6/CMIP6/ScenarioMIP/CCCma/CanESM5/ssp126/r17i1p1f1/Amon/tas/gn/v20190429/
28,ScenarioMIP,CanESM5,ssp585,r15i1p1f1,Amon,tas,gn,gs://cmip6/CMIP6/ScenarioMIP/CCCma/CanESM5/ssp585/r15i1p1f1/Amon/tas/gn/v20190429/
30,CMIP,CanESM5,historical,r25i1p1f1,Amon,tas,gn,gs://cmip6/CMIP6/CMIP/CCCma/CanESM5/historical/r25i1p1f1/Amon/tas/gn/v20190429/
32,ScenarioMIP,CanESM5,ssp126,r1i1p1f1,Amon,tas,gn,gs://cmip6/CMIP6/ScenarioMIP/CCCma/CanESM5/ssp126/r1i1p1f1/Amon/tas/gn/v20190429/
34,ScenarioMIP,CanESM5,ssp126,r18i1p1f1,Amon,tas,gn,gs://cmip6/CMIP6/ScenarioMIP/CCCma/CanESM5/ssp126/r18i1p1f1/Amon/tas/gn/v20190429/
35,ScenarioMIP,CanESM5,ssp126,r22i1p1f1,Amon,tas,gn,gs://cmip6/CMIP6/ScenarioMIP/CCCma/CanESM5/ssp126/r22i1p1f1/Amon/tas/gn/v20190429/
36,ScenarioMIP,CanESM5,ssp126,r20i1p1f1,Amon,tas,gn,gs://cmip6/CMIP6/ScenarioMIP/CCCma/CanESM5/ssp126/r20i1p1f1/Amon/tas/gn/v20190429/
38,ScenarioMIP,CanESM5,ssp126,r21i1p1f1,Amon,tas,gn,gs://cmip6/CMIP6/ScenarioMIP/CCCma/CanESM5/ssp126/r21i1p1f1/Amon/tas/gn/v20190429/
40,ScenarioMIP,CanESM5,ssp126,r25i1p1f1,Amon,tas,gn,gs://cmip6/CMIP6/ScenarioMIP/CCCma/CanESM5/ssp126/r25i1p1f1/Amon/tas/gn/v20190429/
41,ScenarioMIP,CanESM5,ssp126,r23i1p1f1,Amon,tas,gn,gs://cmip6/CMIP6/ScenarioMIP/CCCma/CanESM5/ssp126/r23i1p1f1/Amon/tas/gn/v20190429/
46,ScenarioMIP,CanESM5,ssp126,r24i1p1f1,Amon,tas,gn,gs://cmip6/CMIP6/ScenarioMIP/CCCma/CanESM5/ssp126/r24i1p1f1/Amon/tas/gn/v20190429/
48,ScenarioMIP,CanESM5,ssp585,r10i1p1f1,Amon,tas,gn,gs://cmip6/CMIP6/ScenarioMIP/CCCma/CanESM5/ssp585/r10i1p1f1/Amon/tas/gn/v20190429/
49,CMIP,CanESM5,historical,r23i1p1f1,Amon,tas,gn,gs://cmip6/CMIP6/CMIP/CCCma/CanESM5/historical/r23i1p1f1/Amon/tas/gn/v20190429/
53,CMIP,CanESM5,historical,r4i1p1f1,Amon,tas,gn,gs://cmip6/CMIP6/CMIP/CCCma/CanESM5/historical/r4i1p1f1/Amon/tas/gn/v20190429/
55,ScenarioMIP,CanESM5,ssp585,r13i1p1f1,Amon,tas,gn,gs://cmip6/CMIP6/ScenarioMIP/CCCma/CanESM5/ssp585/r13i1p1f1/Amon/tas/gn/v20190429/
58,CMIP,CanESM5,historical,r3i1p1f1,Amon,tas,gn,gs://cmip6/CMIP6/CMIP/CCCma/CanESM5/historical/r3i1p1f1/Amon/tas/gn/v20190429/
62,CMIP,CanESM5,historical,r5i1p1f1,Amon,tas,gn,gs://cmip6/CMIP6/CMIP/CCCma/CanESM5/historical/r5i1p1f1/Amon/tas/gn/v20190429/
66,ScenarioMIP,CanESM5,ssp585,r14i1p1f1,Amon,tas,gn,gs://cmip6/CMIP6/ScenarioMIP/CCCma/CanESM5/ssp585/r14i1p1f1/Amon/tas/gn/v20190429/
70,ScenarioMIP,CanESM5,ssp585,r16i1p1f1,Amon,tas,gn,gs://cmip6/CMIP6/ScenarioMIP/CCCma/CanESM5/ssp585/r16i1p1f1/Amon/tas/gn/v20190429/
75,ScenarioMIP,CanESM5,ssp585,r17i1p1f1,Amon,tas,gn,gs://cmip6/CMIP6/ScenarioMIP/CCCma/CanESM5/ssp585/r17i1p1f1/Amon/tas/gn/v20190429/
81,ScenarioMIP,CanESM5,ssp585,r18i1p1f1,Amon,tas,gn,gs://cmip6/CMIP6/ScenarioMIP/CCCma/CanESM5/ssp585/r18i1p1f1/Amon/tas/gn/v20190429/
83,ScenarioMIP,CanESM5,ssp126,r4i1p1f1,Amon,tas,gn,gs://cmip6/CMIP6/ScenarioMIP/CCCma/CanESM5/ssp126/r4i1p1f1/Amon/tas/gn/v20190429/
86,ScenarioMIP,CanESM5,ssp126,r2i1p1f1,Amon,tas,gn,gs://cmip6/CMIP6/ScenarioMIP/CCCma/CanESM5/ssp126/r2i1p1f1/Amon/tas/gn/v20190429/
87,ScenarioMIP,CanESM5,ssp126,r3i1p1f1,Amon,tas,gn,gs://cmip6/CMIP6/ScenarioMIP/CCCma/CanESM5/ssp126/r3i1p1f1/Amon/tas/gn/v20190429/
89,ScenarioMIP,CanESM5,ssp126,r6i1p1f1,Amon,tas,gn,gs://cmip6/CMIP6/ScenarioMIP/CCCma/CanESM5/ssp126/r6i1p1f1/Amon/tas/gn/v20190429/
94,ScenarioMIP,CanESM5,ssp434,r5i1p1f1,Amon,tas,gn,gs://cmip6/CMIP6/ScenarioMIP/CCCma/CanESM5/ssp434/r5i1p1f1/Amon/tas/gn/v20190429/
95,ScenarioMIP,CanESM5,ssp370,r10i1p1f1,Amon,tas,gn,gs://cmip6/CMIP6/ScenarioMIP/CCCma/CanESM5/ssp370/r10i1p1f1/Amon/tas/gn/v20190429/
96,CMIP,CanESM5,historical,r8i1p1f1,Amon,tas,gn,gs://cmip6/CMIP6/CMIP/CCCma/CanESM5/historical/r8i1p1f1/Amon/tas/gn/v20190429/
97,ScenarioMIP,CanESM5,ssp370,r9i1p1f1,Amon,tas,gn,gs://cmip6/CMIP6/ScenarioMIP/CCCma/CanESM5/ssp370/r9i1p1f1/Amon/tas/gn/v20190429/
99,ScenarioMIP,CanESM5,ssp434,r1i1p1f1,Amon,tas,gn,gs://cmip6/CMIP6/ScenarioMIP/CCCma/CanESM5/ssp434/r1i1p1f1/Amon/tas/gn/v20190429/
100,ScenarioMIP,CanESM5,ssp434,r3i1p1f1,Amon,tas,gn,gs://cmip6/CMIP6/ScenarioMIP/CCCma/CanESM5/ssp434/r3i1p1f1/Amon/tas/gn/v20190429/
101,ScenarioMIP,CanESM5,ssp434,r4i1p1f1,Amon,tas,gn,gs://cmip6/CMIP6/ScenarioMIP/CCCma/CanESM5/ssp434/r4i1p1f1/Amon/tas/gn/v20190429/
102,ScenarioMIP,CanESM5,ssp460,r1i1p1f1,Amon,tas,gn,gs://cmip6/CMIP6/ScenarioMIP/CCCma/CanESM5/ssp460/r1i1p1f1/Amon/tas/gn/v20190429/
103,ScenarioMIP,CanESM5,ssp460,r2i1p1f1,Amon,tas,gn,gs://cmip6/CMIP6/ScenarioMIP/CCCma/CanESM5/ssp460/r2i1p1f1/Amon/tas/gn/v20190429/
104,CMIP,CanESM5,historical,r7i1p1f1,Amon,tas,gn,gs://cmip6/CMIP6/CMIP/CCCma/CanESM5/historical/r7i1p1f1/Amon/tas/gn/v20190429/
105,ScenarioMIP,CanESM5,ssp460,r3i1p1f1,Amon,tas,gn,gs://cmip6/CMIP6/ScenarioMIP/CCCma/CanESM5/ssp460/r3i1p1f1/Amon/tas/gn/v20190429/
106,CMIP,CanESM5,historical,r9i1p1f1,Amon,tas,gn,gs://cmip6/CMIP6/CMIP/CCCma/CanESM5/historical/r9i1p1f1/Amon/tas/gn/v20190429/
108,ScenarioMIP,CanESM5,ssp370,r19i1p1f1,Amon,tas,gn,gs://cmip6/CMIP6/ScenarioMIP/CCCma/CanESM5/ssp370/r19i1p1f1/Amon/tas/gn/v20190429/
113,ScenarioMIP,CanESM5,ssp245,r9i1p1f1,Amon,tas,gn,gs://cmip6/CMIP6/ScenarioMIP/CCCma/CanESM5/ssp245/r9i1p1f1/Amon/tas/gn/v20190429/
115,ScenarioMIP,CanESM5,ssp245,r7i1p1f1,Amon,tas,gn,gs://cmip6/CMIP6/ScenarioMIP/CCCma/CanESM5/ssp245/r7i1p1f1/Amon/tas/gn/v20190429/
116,ScenarioMIP,CanESM5,ssp245,r6i1p1f1,Amon,tas,gn,gs://cmip6/CMIP6/ScenarioMIP/CCCma/CanESM5/ssp245/r6i1p1f1/Amon/tas/gn/v20190429/
117,ScenarioMIP,CanESM5,ssp245,r8i1p1f1,Amon,tas,gn,gs://cmip6/CMIP6/ScenarioMIP/CCCma/CanESM5/ssp245/r8i1p1f1/Amon/tas/gn/v20190429/
119,ScenarioMIP,CanESM5,ssp370,r24i1p1f1,Amon,tas,gn,gs://cmip6/CMIP6/ScenarioMIP/CCCma/CanESM5/ssp370/r24i1p1f1/Amon/tas/gn/v20190429/
121,ScenarioMIP,CanESM5,ssp370,r6i1p1f1,Amon,tas,gn,gs://cmip6/CMIP6/ScenarioMIP/CCCma/CanESM5/ssp370/r6i1p1f1/Amon/tas/gn/v20190429/
122,ScenarioMIP,CanESM5,ssp370,r5i1p1f1,Amon,tas,gn,gs://cmip6/CMIP6/ScenarioMIP/CCCma/CanESM5/ssp370/r5i1p1f1/Amon/tas/gn/v20190429/
124,ScenarioMIP,CanESM5,ssp370,r23i1p1f1,Amon,tas,gn,gs://cmip6/CMIP6/ScenarioMIP/CCCma/CanESM5/ssp370/r23i1p1f1/Amon/tas/gn/v20190429/
125,ScenarioMIP,CanESM5,ssp370,r2i1p1f1,Amon,tas,gn,gs://cmip6/CMIP6/ScenarioMIP/CCCma/CanESM5/ssp370/r2i1p1f1/Amon/tas/gn/v20190429/
128,ScenarioMIP,CanESM5,ssp370,r22i1p1f1,Amon,tas,gn,gs://cmip6/CMIP6/ScenarioMIP/CCCma/CanESM5/ssp370/r22i1p1f1/Amon/tas/gn/v20190429/
131,ScenarioMIP,CanESM5,ssp370,r4i1p1f1,Amon,tas,gn,gs://cmip6/CMIP6/ScenarioMIP/CCCma/CanESM5/ssp370/r4i1p1f1/Amon/tas/gn/v20190429/
132,ScenarioMIP,CanESM5,ssp370,r3i1p1f1,Amon,tas,gn,gs://cmip6/CMIP6/ScenarioMIP/CCCma/CanESM5/ssp370/r3i1p1f1/Amon/tas/gn/v20190429/
135,ScenarioMIP,CanESM5,ssp370,r7i1p1f1,Amon,tas,gn,gs://cmip6/CMIP6/ScenarioMIP/CCCma/CanESM5/ssp370/r7i1p1f1/Amon/tas/gn/v20190429/
137,ScenarioMIP,CanESM5,ssp370,r8i1p1f1,Amon,tas,gn,gs://cmip6/CMIP6/ScenarioMIP/CCCma/CanESM5/ssp370/r8i1p1f1/Amon/tas/gn/v20190429/
138,ScenarioMIP,CanESM5,ssp460,r5i1p1f1,Amon,tas,gn,gs://cmip6/CMIP6/ScenarioMIP/CCCma/CanESM5/ssp460/r5i1p1f1/Amon/tas/gn/v20190429/
140,ScenarioMIP,CanESM5,ssp434,r2i1p1f1,Amon,tas,gn,gs://cmip6/CMIP6/ScenarioMIP/CCCma/CanESM5/ssp434/r2i1p1f1/Amon/tas/gn/v20190429/
142,CMIP,CanESM5,historical,r6i1p1f1,Amon,tas,gn,gs://cmip6/CMIP6/CMIP/CCCma/CanESM5/historical/r6i1p1f1/Amon/tas/gn/v20190429/
143,ScenarioMIP,CanESM5,ssp534-over,r4i1p1f1,Amon,tas,gn,gs://cmip6/CMIP6/ScenarioMIP/CCCma/CanESM5/ssp534-over/r4i1p1f1/Amon/tas/gn/v20190429/
144,ScenarioMIP,CanESM5,ssp534-over,r5i1p1f1,Amon,tas,gn,gs://cmip6/CMIP6/ScenarioMIP/CCCma/CanESM5/ssp534-over/r5i1p1f1/Amon/tas/gn/v20190429/
145,ScenarioMIP,CanESM5,ssp534-over,r1i1p1f1,Amon,tas,gn,gs://cmip6/CMIP6/ScenarioMIP/CCCma/CanESM5/ssp534-over/r1i1p1f1/Amon/tas/gn/v20190429/
146,ScenarioMIP,CanESM5,ssp370,r25i1p1f1,Amon,tas,gn,gs://cmip6/CMIP6/ScenarioMIP/CCCma/CanESM5/ssp370/r25i1p1f1/Amon/tas/gn/v20190429/
149,ScenarioMIP,CanESM5,ssp534-over,r3i1p1f1,Amon,tas,gn,gs://cmip6/CMIP6/ScenarioMIP/CCCma/CanESM5/ssp534-over/r3i1p1f1/Amon/tas/gn/v20190429/
150,CMIP,CanESM5,historical,r22i1p1f1,Amon,tas,gn,gs://cmip6/CMIP6/CMIP/CCCma/CanESM5/historical/r22i1p1f1/Amon/tas/gn/v20190429/
151,ScenarioMIP,CanESM5,ssp460,r4i1p1f1,Amon,tas,gn,gs://cmip6/CMIP6/ScenarioMIP/CCCma/CanESM5/ssp460/r4i1p1f1/Amon/tas/gn/v20190429/
152,ScenarioMIP,CanESM5,ssp534-over,r2i1p1f1,Amon,tas,gn,gs://cmip6/CMIP6/ScenarioMIP/CCCma/CanESM5/ssp534-over/r2i1p1f1/Amon/tas/gn/v20190429/
154,ScenarioMIP,CanESM5,ssp585,r5i1p1f1,Amon,tas,gn,gs://cmip6/CMIP6/ScenarioMIP/CCCma/CanESM5/ssp585/r5i1p1f1/Amon/tas/gn/v20190429/
157,ScenarioMIP,CanESM5,ssp585,r8i1p1f1,Amon,tas,gn,gs://cmip6/CMIP6/ScenarioMIP/CCCma/CanESM5/ssp585/r8i1p1f1/Amon/tas/gn/v20190429/
159,ScenarioMIP,CanESM5,ssp585,r6i1p1f1,Amon,tas,gn,gs://cmip6/CMIP6/ScenarioMIP/CCCma/CanESM5/ssp585/r6i1p1f1/Amon/tas/gn/v20190429/
161,ScenarioMIP,CanESM5,ssp585,r21i1p1f1,Amon,tas,gn,gs://cmip6/CMIP6/ScenarioMIP/CCCma/CanESM5/ssp585/r21i1p1f1/Amon/tas/gn/v20190429/
166,ScenarioMIP,CanESM5,ssp585,r7i1p1f1,Amon,tas,gn,gs://cmip6/CMIP6/ScenarioMIP/CCCma/CanESM5/ssp585/r7i1p1f1/Amon/tas/gn/v20190429/
167,ScenarioMIP,CanESM5,ssp585,r20i1p1f1,Amon,tas,gn,gs://cmip6/CMIP6/ScenarioMIP/CCCma/CanESM5/ssp585/r20i1p1f1/Amon/tas/gn/v20190429/
169,ScenarioMIP,CanESM5,ssp585,r12i1p1f1,Amon,tas,gn,gs://cmip6/CMIP6/ScenarioMIP/CCCma/CanESM5/ssp585/r12i1p1f1/Amon/tas/gn/v20190429/
170,ScenarioMIP,CanESM5,ssp585,r4i1p1f1,Amon,tas,gn,gs://cmip6/CMIP6/ScenarioMIP/CCCma/CanESM5/ssp585/r4i1p1f1/Amon/tas/gn/v20190429/
172,CMIP,CanESM5,historical,r24i1p1f1,Amon,tas,gn,gs://cmip6/CMIP6/CMIP/CCCma/CanESM5/historical/r24i1p1f1/Amon/tas/gn/v20190429/
174,ScenarioMIP,CanESM5,ssp585,r11i1p1f1,Amon,tas,gn,gs://cmip6/CMIP6/ScenarioMIP/CCCma/CanESM5/ssp585/r11i1p1f1/Amon/tas/gn/v20190429/
175,ScenarioMIP,CanESM5,ssp585,r2i1p1f1,Amon,tas,gn,gs://cmip6/CMIP6/ScenarioMIP/CCCma/CanESM5/ssp585/r2i1p1f1/Amon/tas/gn/v20190429/
176,ScenarioMIP,CanESM5,ssp585,r3i1p1f1,Amon,tas,gn,gs://cmip6/CMIP6/ScenarioMIP/CCCma/CanESM5/ssp585/r3i1p1f1/Amon/tas/gn/v20190429/
178,ScenarioMIP,CanESM5,ssp585,r9i1p1f1,Amon,tas,gn,gs://cmip6/CMIP6/ScenarioMIP/CCCma/CanESM5/ssp585/r9i1p1f1/Amon/tas/gn/v20190429/
182,ScenarioMIP,CanESM5,ssp370,r11i1p1f1,Amon,tas,gn,gs://cmip6/CMIP6/ScenarioMIP/CCCma/CanESM5/ssp370/r11i1p1f1/Amon/tas/gn/v20190429/
183,ScenarioMIP,CanESM5,ssp370,r12i1p1f1,Amon,tas,gn,gs://cmip6/CMIP6/ScenarioMIP/CCCma/CanESM5/ssp370/r12i1p1f1/Amon/tas/gn/v20190429/
185,ScenarioMIP,CanESM5,ssp370,r14i1p1f1,Amon,tas,gn,gs://cmip6/CMIP6/ScenarioMIP/CCCma/CanESM5/ssp370/r14i1p1f1/Amon/tas/gn/v20190429/
187,ScenarioMIP,CanESM5,ssp370,r16i1p1f1,Amon,tas,gn,gs://cmip6/CMIP6/ScenarioMIP/CCCma/CanESM5/ssp370/r16i1p1f1/Amon/tas/gn/v20190429/
190,ScenarioMIP,CanESM5,ssp370,r21i1p1f1,Amon,tas,gn,gs://cmip6/CMIP6/ScenarioMIP/CCCma/CanESM5/ssp370/r21i1p1f1/Amon/tas/gn/v20190429/
191,ScenarioMIP,CanESM5,ssp370,r20i1p1f1,Amon,tas,gn,gs://cmip6/CMIP6/ScenarioMIP/CCCma/CanESM5/ssp370/r20i1p1f1/Amon/tas/gn/v20190429/
192,ScenarioMIP,CanESM5,ssp370,r17i1p1f1,Amon,tas,gn,gs://cmip6/CMIP6/ScenarioMIP/CCCma/CanESM5/ssp370/r17i1p1f1/Amon/tas/gn/v20190429/
193,ScenarioMIP,CanESM5,ssp370,r18i1p1f1,Amon,tas,gn,gs://cmip6/CMIP6/ScenarioMIP/CCCma/CanESM5/ssp370/r18i1p1f1/Amon/tas/gn/v20190429/
196,ScenarioMIP,CanESM5,ssp370,r13i1p1f1,Amon,tas,gn,gs://cmip6/CMIP6/ScenarioMIP/CCCma/CanESM5/ssp370/r13i1p1f1/Amon/tas/gn/v20190429/
199,ScenarioMIP,CanESM5,ssp370,r1i1p1f1,Amon,tas,gn,gs://cmip6/CMIP6/ScenarioMIP/CCCma/CanESM5/ssp370/r1i1p1f1/Amon/tas/gn/v20190429/
203,ScenarioMIP,CanESM5,ssp585,r24i1p1f1,Amon,tas,gn,gs://cmip6/CMIP6/ScenarioMIP/CCCma/CanESM5/ssp585/r24i1p1f1/Amon/tas/gn/v20190429/
205,ScenarioMIP,CanESM5,ssp585,r19i1p1f1,Amon,tas,gn,gs://cmip6/CMIP6/ScenarioMIP/CCCma/CanESM5/ssp585/r19i1p1f1/Amon/tas/gn/v20190429/
207,ScenarioMIP,CanESM5,ssp585,r1i1p1f1,Amon,tas,gn,gs://cmip6/CMIP6/ScenarioMIP/CCCma/CanESM5/ssp585/r1i1p1f1/Amon/tas/gn/v20190429/
209,ScenarioMIP,CanESM5,ssp585,r23i1p1f1,Amon,tas,gn,gs://cmip6/CMIP6/ScenarioMIP/CCCma/CanESM5/ssp585/r23i1p1f1/Amon/tas/gn/v20190429/
210,ScenarioMIP,CanESM5,ssp370,r15i1p1f1,Amon,tas,gn,gs://cmip6/CMIP6/ScenarioMIP/CCCma/CanESM5/ssp370/r15i1p1f1/Amon/tas/gn/v20190429/
211,ScenarioMIP,CanESM5,ssp585,r22i1p1f1,Amon,tas,gn,gs://cmip6/CMIP6/ScenarioMIP/CCCma/CanESM5/ssp585/r22i1p1f1/Amon/tas/gn/v20190429/
212,ScenarioMIP,CanESM5,ssp585,r25i1p1f1,Amon,tas,gn,gs://cmip6/CMIP6/ScenarioMIP/CCCma/CanESM5/ssp585/r25i1p1f1/Amon/tas/gn/v20190429/
215,CMIP,CanESM5,historical,r2i1p1f1,Amon,tas,gn,gs://cmip6/CMIP6/CMIP/CCCma/CanESM5/historical/r2i1p1f1/Amon/tas/gn/v20190429/
217,ScenarioMIP,CanESM5,ssp245,r23i1p1f1,Amon,tas,gn,gs://cmip6/CMIP6/ScenarioMIP/CCCma/CanESM5/ssp245/r23i1p1f1/Amon/tas/gn/v20190429/
219,ScenarioMIP,CanESM5,ssp245,r24i1p1f1,Amon,tas,gn,gs://cmip6/CMIP6/ScenarioMIP/CCCma/CanESM5/ssp245/r24i1p1f1/Amon/tas/gn/v20190429/
222,ScenarioMIP,CanESM5,ssp245,r20i1p1f1,Amon,tas,gn,gs://cmip6/CMIP6/ScenarioMIP/CCCma/CanESM5/ssp245/r20i1p1f1/Amon/tas/gn/v20190429/
223,ScenarioMIP,CanESM5,ssp245,r21i1p1f1,Amon,tas,gn,gs://cmip6/CMIP6/ScenarioMIP/CCCma/CanESM5/ssp245/r21i1p1f1/Amon/tas/gn/v20190429/
224,ScenarioMIP,CanESM5,ssp245,r25i1p1f1,Amon,tas,gn,gs://cmip6/CMIP6/ScenarioMIP/CCCma/CanESM5/ssp245/r25i1p1f1/Amon/tas/gn/v20190429/
227,CMIP,CanESM5,historical,r13i1p1f1,Amon,tas,gn,gs://cmip6/CMIP6/CMIP/CCCma/CanESM5/historical/r13i1p1f1/Amon/tas/gn/v20190429/
231,CMIP,CanESM5,historical,r11i1p1f1,Amon,tas,gn,gs://cmip6/CMIP6/CMIP/CCCma/CanESM5/historical/r11i1p1f1/Amon/tas/gn/v20190429/
232,CMIP,CanESM5,historical,r10i1p1f1,Amon,tas,gn,gs://cmip6/CMIP6/CMIP/CCCma/CanESM5/historical/r10i1p1f1/Amon/tas/gn/v20190429/
233,ScenarioMIP,CanESM5,ssp126,r9i1p1f1,Amon,tas,gn,gs://cmip6/CMIP6/ScenarioMIP/CCCma/CanESM5/ssp126/r9i1p1f1/Amon/tas/gn/v20190429/
234,ScenarioMIP,CanESM5,ssp245,r2i1p1f1,Amon,tas,gn,gs://cmip6/CMIP6/ScenarioMIP/CCCma/CanESM5/ssp245/r2i1p1f1/Amon/tas/gn/v20190429/
238,ScenarioMIP,CanESM5,ssp245,r3i1p1f1,Amon,tas,gn,gs://cmip6/CMIP6/ScenarioMIP/CCCma/CanESM5/ssp245/r3i1p1f1/Amon/tas/gn/v20190429/
242,ScenarioMIP,CanESM5,ssp245,r22i1p1f1,Amon,tas,gn,gs://cmip6/CMIP6/ScenarioMIP/CCCma/CanESM5/ssp245/r22i1p1f1/Amon/tas/gn/v20190429/
244,ScenarioMIP,CanESM5,ssp245,r5i1p1f1,Amon,tas,gn,gs://cmip6/CMIP6/ScenarioMIP/CCCma/CanESM5/ssp245/r5i1p1f1/Amon/tas/gn/v20190429/
245,ScenarioMIP,CanESM5,ssp245,r4i1p1f1,Amon,tas,gn,gs://cmip6/CMIP6/ScenarioMIP/CCCma/CanESM5/ssp245/r4i1p1f1/Amon/tas/gn/v20190429/
247,CMIP,CanESM5,historical,r21i1p1f1,Amon,tas,gn,gs://cmip6/CMIP6/CMIP/CCCma/CanESM5/historical/r21i1p1f1/Amon/tas/gn/v20190429/
249,CMIP,CanESM5,historical,r20i1p1f1,Amon,tas,gn,gs://cmip6/CMIP6/CMIP/CCCma/CanESM5/historical/r20i1p1f1/Amon/tas/gn/v20190429/
250,CMIP,CanESM5,historical,r19i1p1f1,Amon,tas,gn,gs://cmip6/CMIP6/CMIP/CCCma/CanESM5/historical/r19i1p1f1/Amon/tas/gn/v20190429/
255,CMIP,CanESM5,historical,r18i1p1f1,Amon,tas,gn,gs://cmip6/CMIP6/CMIP/CCCma/CanESM5/historical/r18i1p1f1/Amon/tas/gn/v20190429/
257,CMIP,CanESM5,historical,r16i1p1f1,Amon,tas,gn,gs://cmip6/CMIP6/CMIP/CCCma/CanESM5/historical/r16i1p1f1/Amon/tas/gn/v20190429/
258,CMIP,CanESM5,historical,r15i1p1f1,Amon,tas,gn,gs://cmip6/CMIP6/CMIP/CCCma/CanESM5/historical/r15i1p1f1/Amon/tas/gn/v20190429/
260,CMIP,CanESM5,historical,r14i1p1f1,Amon,tas,gn,gs://cmip6/CMIP6/CMIP/CCCma/CanESM5/historical/r14i1p1f1/Amon/tas/gn/v20190429/
261,CMIP,CanESM5,historical,r12i1p1f1,Amon,tas,gn,gs://cmip6/CMIP6/CMIP/CCCma/CanESM5/historical/r12i1p1f1/Amon/tas/gn/v20190429/
262,ScenarioMIP,CanESM5,ssp126,r7i1p1f1,Amon,tas,gn,gs://cmip6/CMIP6/ScenarioMIP/CCCma/CanESM5/ssp126/r7i1p1f1/Amon/tas/gn/v20190429/
263,CMIP,CanESM5,historical,r1i1p1f1,Amon,tas,gn,gs://cmip6/CMIP6/CMIP/CCCma/CanESM5/historical/r1i1p1f1/Amon/tas/gn/v20190429/
266,ScenarioMIP,CanESM5,ssp126,r8i1p1f1,Amon,tas,gn,gs://cmip6/CMIP6/ScenarioMIP/CCCma/CanESM5/ssp126/r8i1p1f1/Amon/tas/gn/v20190429/
269,ScenarioMIP,CanESM5,ssp245,r19i1p1f1,Amon,tas,gn,gs://cmip6/CMIP6/ScenarioMIP/CCCma/CanESM5/ssp245/r19i1p1f1/Amon/tas/gn/v20190429/
271,ScenarioMIP,CanESM5,ssp245,r11i1p1f1,Amon,tas,gn,gs://cmip6/CMIP6/ScenarioMIP/CCCma/CanESM5/ssp245/r11i1p1f1/Amon/tas/gn/v20190429/
274,ScenarioMIP,CanESM5,ssp245,r1i1p1f1,Amon,tas,gn,gs://cmip6/CMIP6/ScenarioMIP/CCCma/CanESM5/ssp245/r1i1p1f1/Amon/tas/gn/v20190429/
275,ScenarioMIP,CanESM5,ssp245,r15i1p1f1,Amon,tas,gn,gs://cmip6/CMIP6/ScenarioMIP/CCCma/CanESM5/ssp245/r15i1p1f1/Amon/tas/gn/v20190429/
277,ScenarioMIP,CanESM5,ssp245,r14i1p1f1,Amon,tas,gn,gs://cmip6/CMIP6/ScenarioMIP/CCCma/CanESM5/ssp245/r14i1p1f1/Amon/tas/gn/v20190429/
279,ScenarioMIP,CanESM5,ssp245,r13i1p1f1,Amon,tas,gn,gs://cmip6/CMIP6/ScenarioMIP/CCCma/CanESM5/ssp245/r13i1p1f1/Amon/tas/gn/v20190429/
280,ScenarioMIP,CanESM5,ssp245,r12i1p1f1,Amon,tas,gn,gs://cmip6/CMIP6/ScenarioMIP/CCCma/CanESM5/ssp245/r12i1p1f1/Amon/tas/gn/v20190429/
282,ScenarioMIP,CanESM5,ssp245,r10i1p1f1,Amon,tas,gn,gs://cmip6/CMIP6/ScenarioMIP/CCCma/CanESM5/ssp245/r10i1p1f1/Amon/tas/gn/v20190429/
283,ScenarioMIP,CanESM5,ssp245,r18i1p1f1,Amon,tas,gn,gs://cmip6/CMIP6/ScenarioMIP/CCCma/CanESM5/ssp245/r18i1p1f1/Amon/tas/gn/v20190429/
284,ScenarioMIP,CanESM5,ssp245,r17i1p1f1,Amon,tas,gn,gs://cmip6/CMIP6/ScenarioMIP/CCCma/CanESM5/ssp245/r17i1p1f1/Amon/tas/gn/v20190429/
287,ScenarioMIP,CanESM5,ssp245,r16i1p1f1,Amon,tas,gn,gs://cmip6/CMIP6/ScenarioMIP/CCCma/CanESM5/ssp245/r16i1p1f1/Amon/tas/gn/v20190429/
289,ScenarioMIP,CanESM5,ssp119,r3i1p1f1,Amon,tas,gn,gs://cmip6/CMIP6/ScenarioMIP/CCCma/CanESM5/ssp119/r3i1p1f1/Amon/tas/gn/v20190429/
291,ScenarioMIP,CanESM5,ssp119,r4i1p1f1,Amon,tas,gn,gs://cmip6/CMIP6/ScenarioMIP/CCCma/CanESM5/ssp119/r4i1p1f1/Amon/tas/gn/v20190429/
292,ScenarioMIP,CanESM5,ssp119,r7i1p1f1,Amon,tas,gn,gs://cmip6/CMIP6/ScenarioMIP/CCCma/CanESM5/ssp119/r7i1p1f1/Amon/tas/gn/v20190429/
293,ScenarioMIP,CanESM5,ssp119,r9i1p1f1,Amon,tas,gn,gs://cmip6/CMIP6/ScenarioMIP/CCCma/CanESM5/ssp119/r9i1p1f1/Amon/tas/gn/v20190429/
295,ScenarioMIP,CanESM5,ssp119,r8i1p1f1,Amon,tas,gn,gs://cmip6/CMIP6/ScenarioMIP/CCCma/CanESM5/ssp119/r8i1p1f1/Amon/tas/gn/v20190429/
296,ScenarioMIP,CanESM5,ssp119,r5i1p1f1,Amon,tas,gn,gs://cmip6/CMIP6/ScenarioMIP/CCCma/CanESM5/ssp119/r5i1p1f1/Amon/tas/gn/v20190429/
300,ScenarioMIP,CanESM5,ssp119,r24i1p1f1,Amon,tas,gn,gs://cmip6/CMIP6/ScenarioMIP/CCCma/CanESM5/ssp119/r24i1p1f1/Amon/tas/gn/v20190429/
303,ScenarioMIP,CanESM5,ssp119,r25i1p1f1,Amon,tas,gn,gs://cmip6/CMIP6/ScenarioMIP/CCCma/CanESM5/ssp119/r25i1p1f1/Amon/tas/gn/v20190429/
305,ScenarioMIP,CanESM5,ssp119,r2i1p1f1,Amon,tas,gn,gs://cmip6/CMIP6/ScenarioMIP/CCCma/CanESM5/ssp119/r2i1p1f1/Amon/tas/gn/v20190429/
307,ScenarioMIP,CanESM5,ssp119,r14i1p1f1,Amon,tas,gn,gs://cmip6/CMIP6/ScenarioMIP/CCCma/CanESM5/ssp119/r14i1p1f1/Amon/tas/gn/v20190429/
308,ScenarioMIP,CanESM5,ssp119,r13i1p1f1,Amon,tas,gn,gs://cmip6/CMIP6/ScenarioMIP/CCCma/CanESM5/ssp119/r13i1p1f1/Amon/tas/gn/v20190429/
310,ScenarioMIP,CanESM5,ssp119,r15i1p1f1,Amon,tas,gn,gs://cmip6/CMIP6/ScenarioMIP/CCCma/CanESM5/ssp119/r15i1p1f1/Amon/tas/gn/v20190429/
313,ScenarioMIP,CanESM5,ssp119,r16i1p1f1,Amon,tas,gn,gs://cmip6/CMIP6/ScenarioMIP/CCCma/CanESM5/ssp119/r16i1p1f1/Amon/tas/gn/v20190429/
315,ScenarioMIP,CanESM5,ssp126,r5i1p1f1,Amon,tas,gn,gs://cmip6/CMIP6/ScenarioMIP/CCCma/CanESM5/ssp126/r5i1p1f1/Amon/tas/gn/v20190429/
317,ScenarioMIP,CanESM5,ssp119,r19i1p1f1,Amon,tas,gn,gs://cmip6/CMIP6/ScenarioMIP/CCCma/CanESM5/ssp119/r19i1p1f1/Amon/tas/gn/v20190429/
318,ScenarioMIP,CanESM5,ssp119,r20i1p1f1,Amon,tas,gn,gs://cmip6/CMIP6/ScenarioMIP/CCCma/CanESM5/ssp119/r20i1p1f1/Amon/tas/gn/v20190429/
319,ScenarioMIP,CanESM5,ssp119,r17i1p1f1,Amon,tas,gn,gs://cmip6/CMIP6/ScenarioMIP/CCCma/CanESM5/ssp119/r17i1p1f1/Amon/tas/gn/v20190429/
323,ScenarioMIP,CanESM5,ssp119,r1i1p1f1,Amon,tas,gn,gs://cmip6/CMIP6/ScenarioMIP/CCCma/CanESM5/ssp119/r1i1p1f1/Amon/tas/gn/v20190429/
325,ScenarioMIP,CanESM5,ssp119,r6i1p1f1,Amon,tas,gn,gs://cmip6/CMIP6/ScenarioMIP/CCCma/CanESM5/ssp119/r6i1p1f1/Amon/tas/gn/v20190429/
328,ScenarioMIP,CanESM5,ssp119,r21i1p1f1,Amon,tas,gn,gs://cmip6/CMIP6/ScenarioMIP/CCCma/CanESM5/ssp119/r21i1p1f1/Amon/tas/gn/v20190429/
329,ScenarioMIP,CanESM5,ssp119,r23i1p1f1,Amon,tas,gn,gs://cmip6/CMIP6/ScenarioMIP/CCCma/CanESM5/ssp119/r23i1p1f1/Amon/tas/gn/v20190429/
331,ScenarioMIP,CanESM5,ssp119,r22i1p1f1,Amon,tas,gn,gs://cmip6/CMIP6/ScenarioMIP/CCCma/CanESM5/ssp119/r22i1p1f1/Amon/tas/gn/v20190429/
333,ScenarioMIP,CanESM5,ssp119,r18i1p1f1,Amon,tas,gn,gs://cmip6/CMIP6/ScenarioMIP/CCCma/CanESM5/ssp119/r18i1p1f1/Amon/tas/gn/v20190429/
334,ScenarioMIP,CanESM5,ssp126,r10i1p1f1,Amon,tas,gn,gs://cmip6/CMIP6/ScenarioMIP/CCCma/CanESM5/ssp126/r10i1p1f1/Amon/tas/gn/v20190429/
337,ScenarioMIP,CanESM5,ssp126,r11i1p1f1,Amon,tas,gn,gs://cmip6/CMIP6/ScenarioMIP/CCCma/CanESM5/ssp126/r11i1p1f1/Amon/tas/gn/v20190429/
339,ScenarioMIP,CanESM5,ssp126,r12i1p1f1,Amon,tas,gn,gs://cmip6/CMIP6/ScenarioMIP/CCCma/CanESM5/ssp126/r12i1p1f1/Amon/tas/gn/v20190429/
340,ScenarioMIP,CanESM5,ssp126,r13i1p1f1,Amon,tas,gn,gs://cmip6/CMIP6/ScenarioMIP/CCCma/CanESM5/ssp126/r13i1p1f1/Amon/tas/gn/v20190429/
343,ScenarioMIP,CanESM5,ssp126,r14i1p1f1,Amon,tas,gn,gs://cmip6/CMIP6/ScenarioMIP/CCCma/CanESM5/ssp126/r14i1p1f1/Amon/tas/gn/v20190429/
345,CMIP,CanESM5,historical,r17i1p1f1,Amon,tas,gn,gs://cmip6/CMIP6/CMIP/CCCma/CanESM5/historical/r17i1p1f1/Amon/tas/gn/v20190429/
346,ScenarioMIP,CanESM5,ssp119,r12i1p1f1,Amon,tas,gn,gs://cmip6/CMIP6/ScenarioMIP/CCCma/CanESM5/ssp119/r12i1p1f1/Amon/tas/gn/v20190429/
347,ScenarioMIP,CanESM5,ssp119,r11i1p1f1,Amon,tas,gn,gs://cmip6/CMIP6/ScenarioMIP/CCCma/CanESM5/ssp119/r11i1p1f1/Amon/tas/gn/v20190429/
350,ScenarioMIP,CanESM5,ssp119,r10i1p1f1,Amon,tas,gn,gs://cmip6/CMIP6/ScenarioMIP/CCCma/CanESM5/ssp119/r10i1p1f1/Amon/tas/gn/v20190429/
351,CMIP,UKESM1-0-LL,historical,r8i1p1f2,Amon,tas,gn,gs://cmip6/CMIP6/CMIP/MOHC/UKESM1-0-LL/historical/r8i1p1f2/Amon/tas/gn/v20190502/
352,CMIP,UKESM1-0-LL,historical,r2i1p1f2,Amon,tas,gn,gs://cmip6/CMIP6/CMIP/MOHC/UKESM1-0-LL/historical/r2i1p1f2/Amon/tas/gn/v20190502/
353,CMIP,UKESM1-0-LL,historical,r3i1p1f2,Amon,tas,gn,gs://cmip6/CMIP6/CMIP/MOHC/UKESM1-0-LL/historical/r3i1p1f2/Amon/tas/gn/v20190502/
354,CMIP,UKESM1-0-LL,historical,r4i1p1f2,Amon,tas,gn,gs://cmip6/CMIP6/CMIP/MOHC/UKESM1-0-LL/historical/r4i1p1f2/Amon/tas/gn/v20190502/
355,ScenarioMIP,UKESM1-0-LL,ssp126,r1i1p1f2,Amon,tas,gn,gs://cmip6/CMIP6/ScenarioMIP/MOHC/UKESM1-0-LL/ssp126/r1i1p1f2/Amon/tas/gn/v20190503/
356,ScenarioMIP,UKESM1-0-LL,ssp585,r2i1p1f2,Amon,tas,gn,gs://cmip6/CMIP6/ScenarioMIP/MOHC/UKESM1-0-LL/ssp585/r2i1p1f2/Amon/tas/gn/v20190507/
357,ScenarioMIP,UKESM1-0-LL,ssp126,r3i1p1f2,Amon,tas,gn,gs://cmip6/CMIP6/ScenarioMIP/MOHC/UKESM1-0-LL/ssp126/r3i1p1f2/Amon/tas/gn/v20190507/
358,ScenarioMIP,UKESM1-0-LL,ssp245,r4i1p1f2,Amon,tas,gn,gs://cmip6/CMIP6/ScenarioMIP/MOHC/UKESM1-0-LL/ssp245/r4i1p1f2/Amon/tas/gn/v20190507/
359,ScenarioMIP,UKESM1-0-LL,ssp245,r3i1p1f2,Amon,tas,gn,gs://cmip6/CMIP6/ScenarioMIP/MOHC/UKESM1-0-LL/ssp245/r3i1p1f2/Amon/tas/gn/v20190507/
360,ScenarioMIP,UKESM1-0-LL,ssp245,r2i1p1f2,Amon,tas,gn,gs://cmip6/CMIP6/ScenarioMIP/MOHC/UKESM1-0-LL/ssp245/r2i1p1f2/Amon/tas/gn/v20190507/
361,ScenarioMIP,UKESM1-0-LL,ssp245,r1i1p1f2,Amon,tas,gn,gs://cmip6/CMIP6/ScenarioMIP/MOHC/UKESM1-0-LL/ssp245/r1i1p1f2/Amon/tas/gn/v20190507/
362,ScenarioMIP,UKESM1-0-LL,ssp126,r4i1p1f2,Amon,tas,gn,gs://cmip6/CMIP6/ScenarioMIP/MOHC/UKESM1-0-LL/ssp126/r4i1p1f2/Amon/tas/gn/v20190507/
363,ScenarioMIP,UKESM1-0-LL,ssp585,r1i1p1f2,Amon,tas,gn,gs://cmip6/CMIP6/ScenarioMIP/MOHC/UKESM1-0-LL/ssp585/r1i1p1f2/Amon/tas/gn/v20190507/
364,ScenarioMIP,UKESM1-0-LL,ssp585,r4i1p1f2,Amon,tas,gn,gs://cmip6/CMIP6/ScenarioMIP/MOHC/UKESM1-0-LL/ssp585/r4i1p1f2/Amon/tas/gn/v20190507/
365,ScenarioMIP,UKESM1-0-LL,ssp585,r3i1p1f2,Amon,tas,gn,gs://cmip6/CMIP6/ScenarioMIP/MOHC/UKESM1-0-LL/ssp585/r3i1p1f2/Amon/tas/gn/v20190507/
366,ScenarioMIP,UKESM1-0-LL,ssp126,r2i1p1f2,Amon,tas,gn,gs://cmip6/CMIP6/ScenarioMIP/MOHC/UKESM1-0-LL/ssp126/r2i1p1f2/Amon/tas/gn/v20190507/
367,ScenarioMIP,UKESM1-0-LL,ssp370,r8i1p1f2,Amon,tas,gn,gs://cmip6/CMIP6/ScenarioMIP/MOHC/UKESM1-0-LL/ssp370/r8i1p1f2/Amon/tas/gn/v20190510/
368,ScenarioMIP,UKESM1-0-LL,ssp126,r8i1p1f2,Amon,tas,gn,gs://cmip6/CMIP6/ScenarioMIP/MOHC/UKESM1-0-LL/ssp126/r8i1p1f2/Amon/tas/gn/v20190510/
369,CMIP,UKESM1-0-LL,historical,r5i1p1f3,Amon,tas,gn,gs://cmip6/CMIP6/CMIP/MOHC/UKESM1-0-LL/historical/r5i1p1f3/Amon/tas/gn/v20190510/
370,ScenarioMIP,UKESM1-0-LL,ssp585,r8i1p1f2,Amon,tas,gn,gs://cmip6/CMIP6/ScenarioMIP/MOHC/UKESM1-0-LL/ssp585/r8i1p1f2/Amon/tas/gn/v20190510/
371,ScenarioMIP,UKESM1-0-LL,ssp370,r3i1p1f2,Amon,tas,gn,gs://cmip6/CMIP6/ScenarioMIP/MOHC/UKESM1-0-LL/ssp370/r3i1p1f2/Amon/tas/gn/v20190510/
372,ScenarioMIP,UKESM1-0-LL,ssp245,r8i1p1f2,Amon,tas,gn,gs://cmip6/CMIP6/ScenarioMIP/MOHC/UKESM1-0-LL/ssp245/r8i1p1f2/Amon/tas/gn/v20190510/
373,ScenarioMIP,UKESM1-0-LL,ssp370,r1i1p1f2,Amon,tas,gn,gs://cmip6/CMIP6/ScenarioMIP/MOHC/UKESM1-0-LL/ssp370/r1i1p1f2/Amon/tas/gn/v20190510/
374,ScenarioMIP,UKESM1-0-LL,ssp370,r2i1p1f2,Amon,tas,gn,gs://cmip6/CMIP6/ScenarioMIP/MOHC/UKESM1-0-LL/ssp370/r2i1p1f2/Amon/tas/gn/v20190510/
375,ScenarioMIP,UKESM1-0-LL,ssp370,r4i1p1f2,Amon,tas,gn,gs://cmip6/CMIP6/ScenarioMIP/MOHC/UKESM1-0-LL/ssp370/r4i1p1f2/Amon/tas/gn/v20190510/
376,CMIP,UKESM1-0-LL,historical,r9i1p1f2,Amon,tas,gn,gs://cmip6/CMIP6/CMIP/MOHC/UKESM1-0-LL/historical/r9i1p1f2/Amon/tas/gn/v20190603/
377,CMIP,UKESM1-0-LL,historical,r7i1p1f3,Amon,tas,gn,gs://cmip6/CMIP6/CMIP/MOHC/UKESM1-0-LL/historical/r7i1p1f3/Amon/tas/gn/v20190603/
378,CMIP,UKESM1-0-LL,historical,r6i1p1f3,Amon,tas,gn,gs://cmip6/CMIP6/CMIP/MOHC/UKESM1-0-LL/historical/r6i1p1f3/Amon/tas/gn/v20190604/
379,ScenarioMIP,MIROC6,ssp126,r1i1p1f1,Amon,tas,gn,gs://cmip6/CMIP6/ScenarioMIP/MIROC/MIROC6/ssp126/r1i1p1f1/Amon/tas/gn/v20190627/
380,ScenarioMIP,MIROC6,ssp245,r3i1p1f1,Amon,tas,gn,gs://cmip6/CMIP6/ScenarioMIP/MIROC/MIROC6/ssp245/r3i1p1f1/Amon/tas/gn/v20190627/
381,ScenarioMIP,MIROC6,ssp585,r2i1p1f1,Amon,tas,gn,gs://cmip6/CMIP6/ScenarioMIP/MIROC/MIROC6/ssp585/r2i1p1f1/Amon/tas/gn/v20190627/
382,ScenarioMIP,MIROC6,ssp245,r2i1p1f1,Amon,tas,gn,gs://cmip6/CMIP6/ScenarioMIP/MIROC/MIROC6/ssp245/r2i1p1f1/Amon/tas/gn/v20190627/
383,ScenarioMIP,MIROC6,ssp126,r3i1p1f1,Amon,tas,gn,gs://cmip6/CMIP6/ScenarioMIP/MIROC/MIROC6/ssp126/r3i1p1f1/Amon/tas/gn/v20190627/
384,ScenarioMIP,MIROC6,ssp126,r2i1p1f1,Amon,tas,gn,gs://cmip6/CMIP6/ScenarioMIP/MIROC/MIROC6/ssp126/r2i1p1f1/Amon/tas/gn/v20190627/
385,ScenarioMIP,MIROC6,ssp245,r1i1p1f1,Amon,tas,gn,gs://cmip6/CMIP6/ScenarioMIP/MIROC/MIROC6/ssp245/r1i1p1f1/Amon/tas/gn/v20190627/
386,ScenarioMIP,MIROC6,ssp370,r3i1p1f1,Amon,tas,gn,gs://cmip6/CMIP6/ScenarioMIP/MIROC/MIROC6/ssp370/r3i1p1f1/Amon/tas/gn/v20190627/
387,ScenarioMIP,MIROC6,ssp370,r2i1p1f1,Amon,tas,gn,gs://cmip6/CMIP6/ScenarioMIP/MIROC/MIROC6/ssp370/r2i1p1f1/Amon/tas/gn/v20190627/
388,ScenarioMIP,MIROC6,ssp585,r1i1p1f1,Amon,tas,gn,gs://cmip6/CMIP6/ScenarioMIP/MIROC/MIROC6/ssp585/r1i1p1f1/Amon/tas/gn/v20190627/
389,ScenarioMIP,MIROC6,ssp585,r3i1p1f1,Amon,tas,gn,gs://cmip6/CMIP6/ScenarioMIP/MIROC/MIROC6/ssp585/r3i1p1f1/Amon/tas/gn/v20190627/
390,ScenarioMIP,MIROC6,ssp370,r1i1p1f1,Amon,tas,gn,gs://cmip6/CMIP6/ScenarioMIP/MIROC/MIROC6/ssp370/r1i1p1f1/Amon/tas/gn/v20190627/
400,ScenarioMIP,MPI-ESM1-2-LR,ssp245,r5i1p1f1,Amon,tas,gn,gs://cmip6/CMIP6/ScenarioMIP/MPI-M/MPI-ESM1-2-LR/ssp245/r5i1p1f1/Amon/tas/gn/v20190710/
401,ScenarioMIP,MPI-ESM1-2-LR,ssp245,r10i1p1f1,Amon,tas,gn,gs://cmip6/CMIP6/ScenarioMIP/MPI-M/MPI-ESM1-2-LR/ssp245/r10i1p1f1/Amon/tas/gn/v20190710/
402,ScenarioMIP,MPI-ESM1-2-LR,ssp126,r9i1p1f1,Amon,tas,gn,gs://cmip6/CMIP6/ScenarioMIP/MPI-M/MPI-ESM1-2-LR/ssp126/r9i1p1f1/Amon/tas/gn/v20190710/
403,ScenarioMIP,MPI-ESM1-2-LR,ssp245,r4i1p1f1,Amon,tas,gn,gs://cmip6/CMIP6/ScenarioMIP/MPI-M/MPI-ESM1-2-LR/ssp245/r4i1p1f1/Amon/tas/gn/v20190710/
404,ScenarioMIP,MPI-ESM1-2-LR,ssp245,r6i1p1f1,Amon,tas,gn,gs://cmip6/CMIP6/ScenarioMIP/MPI-M/MPI-ESM1-2-LR/ssp245/r6i1p1f1/Amon/tas/gn/v20190710/
405,ScenarioMIP,MPI-ESM1-2-LR,ssp245,r3i1p1f1,Amon,tas,gn,gs://cmip6/CMIP6/ScenarioMIP/MPI-M/MPI-ESM1-2-LR/ssp245/r3i1p1f1/Amon/tas/gn/v20190710/
406,ScenarioMIP,MPI-ESM1-2-LR,ssp370,r1i1p1f1,Amon,tas,gn,gs://cmip6/CMIP6/ScenarioMIP/MPI-M/MPI-ESM1-2-LR/ssp370/r1i1p1f1/Amon/tas/gn/v20190710/
407,ScenarioMIP,MPI-ESM1-2-LR,ssp585,r4i1p1f1,Amon,tas,gn,gs://cmip6/CMIP6/ScenarioMIP/MPI-M/MPI-ESM1-2-LR/ssp585/r4i1p1f1/Amon/tas/gn/v20190710/
408,ScenarioMIP,MPI-ESM1-2-LR,ssp370,r3i1p1f1,Amon,tas,gn,gs://cmip6/CMIP6/ScenarioMIP/MPI-M/MPI-ESM1-2-LR/ssp370/r3i1p1f1/Amon/tas/gn/v20190710/
409,ScenarioMIP,MPI-ESM1-2-LR,ssp370,r4i1p1f1,Amon,tas,gn,gs://cmip6/CMIP6/ScenarioMIP/MPI-M/MPI-ESM1-2-LR/ssp370/r4i1p1f1/Amon/tas/gn/v20190710/
410,ScenarioMIP,MPI-ESM1-2-LR,ssp245,r2i1p1f1,Amon,tas,gn,gs://cmip6/CMIP6/ScenarioMIP/MPI-M/MPI-ESM1-2-LR/ssp245/r2i1p1f1/Amon/tas/gn/v20190710/
411,ScenarioMIP,MPI-ESM1-2-LR,ssp370,r2i1p1f1,Amon,tas,gn,gs://cmip6/CMIP6/ScenarioMIP/MPI-M/MPI-ESM1-2-LR/ssp370/r2i1p1f1/Amon/tas/gn/v20190710/
412,ScenarioMIP,MPI-ESM1-2-LR,ssp245,r1i1p1f1,Amon,tas,gn,gs://cmip6/CMIP6/ScenarioMIP/MPI-M/MPI-ESM1-2-LR/ssp245/r1i1p1f1/Amon/tas/gn/v20190710/
413,ScenarioMIP,MPI-ESM1-2-LR,ssp585,r6i1p1f1,Amon,tas,gn,gs://cmip6/CMIP6/ScenarioMIP/MPI-M/MPI-ESM1-2-LR/ssp585/r6i1p1f1/Amon/tas/gn/v20190710/
414,ScenarioMIP,MPI-ESM1-2-LR,ssp585,r5i1p1f1,Amon,tas,gn,gs://cmip6/CMIP6/ScenarioMIP/MPI-M/MPI-ESM1-2-LR/ssp585/r5i1p1f1/Amon/tas/gn/v20190710/
415,ScenarioMIP,MPI-ESM1-2-LR,ssp370,r5i1p1f1,Amon,tas,gn,gs://cmip6/CMIP6/ScenarioMIP/MPI-M/MPI-ESM1-2-LR/ssp370/r5i1p1f1/Amon/tas/gn/v20190710/
416,CMIP,MPI-ESM1-2-LR,historical,r8i1p1f1,Amon,tas,gn,gs://cmip6/CMIP6/CMIP/MPI-M/MPI-ESM1-2-LR/historical/r8i1p1f1/Amon/tas/gn/v20190710/
417,CMIP,MPI-ESM1-2-LR,historical,r4i1p1f1,Amon,tas,gn,gs://cmip6/CMIP6/CMIP/MPI-M/MPI-ESM1-2-LR/historical/r4i1p1f1/Amon/tas/gn/v20190710/
418,CMIP,MPI-ESM1-2-LR,historical,r9i1p1f1,Amon,tas,gn,gs://cmip6/CMIP6/CMIP/MPI-M/MPI-ESM1-2-LR/historical/r9i1p1f1/Amon/tas/gn/v20190710/
419,CMIP,MPI-ESM1-2-LR,historical,r5i1p1f1,Amon,tas,gn,gs://cmip6/CMIP6/CMIP/MPI-M/MPI-ESM1-2-LR/historical/r5i1p1f1/Amon/tas/gn/v20190710/
420,CMIP,MPI-ESM1-2-HR,historical,r2i1p1f1,Amon,tas,gn,gs://cmip6/CMIP6/CMIP/MPI-M/MPI-ESM1-2-HR/historical/r2i1p1f1/Amon/tas/gn/v20190710/
421,CMIP,MPI-ESM1-2-LR,historical,r3i1p1f1,Amon,tas,gn,gs://cmip6/CMIP6/CMIP/MPI-M/MPI-ESM1-2-LR/historical/r3i1p1f1/Amon/tas/gn/v20190710/
422,CMIP,MPI-ESM1-2-LR,historical,r7i1p1f1,Amon,tas,gn,gs://cmip6/CMIP6/CMIP/MPI-M/MPI-ESM1-2-LR/historical/r7i1p1f1/Amon/tas/gn/v20190710/
423,CMIP,MPI-ESM1-2-LR,historical,r6i1p1f1,Amon,tas,gn,gs://cmip6/CMIP6/CMIP/MPI-M/MPI-ESM1-2-LR/historical/r6i1p1f1/Amon/tas/gn/v20190710/
424,ScenarioMIP,MPI-ESM1-2-LR,ssp370,r10i1p1f1,Amon,tas,gn,gs://cmip6/CMIP6/ScenarioMIP/MPI-M/MPI-ESM1-2-LR/ssp370/r10i1p1f1/Amon/tas/gn/v20190710/
425,ScenarioMIP,MPI-ESM1-2-LR,ssp245,r9i1p1f1,Amon,tas,gn,gs://cmip6/CMIP6/ScenarioMIP/MPI-M/MPI-ESM1-2-LR/ssp245/r9i1p1f1/Amon/tas/gn/v20190710/
426,ScenarioMIP,MPI-ESM1-2-LR,ssp245,r8i1p1f1,Amon,tas,gn,gs://cmip6/CMIP6/ScenarioMIP/MPI-M/MPI-ESM1-2-LR/ssp245/r8i1p1f1/Amon/tas/gn/v20190710/
427,ScenarioMIP,MPI-ESM1-2-LR,ssp245,r7i1p1f1,Amon,tas,gn,gs://cmip6/CMIP6/ScenarioMIP/MPI-M/MPI-ESM1-2-LR/ssp245/r7i1p1f1/Amon/tas/gn/v20190710/
428,CMIP,MPI-ESM1-2-LR,historical,r2i1p1f1,Amon,tas,gn,gs://cmip6/CMIP6/CMIP/MPI-M/MPI-ESM1-2-LR/historical/r2i1p1f1/Amon/tas/gn/v20190710/
429,CMIP,MPI-ESM1-2-LR,historical,r10i1p1f1,Amon,tas,gn,gs://cmip6/CMIP6/CMIP/MPI-M/MPI-ESM1-2-LR/historical/r10i1p1f1/Amon/tas/gn/v20190710/
430,CMIP,MPI-ESM1-2-LR,historical,r1i1p1f1,Amon,tas,gn,gs://cmip6/CMIP6/CMIP/MPI-M/MPI-ESM1-2-LR/historical/r1i1p1f1/Amon/tas/gn/v20190710/
431,ScenarioMIP,MPI-ESM1-2-LR,ssp585,r9i1p1f1,Amon,tas,gn,gs://cmip6/CMIP6/ScenarioMIP/MPI-M/MPI-ESM1-2-LR/ssp585/r9i1p1f1/Amon/tas/gn/v20190710/
432,ScenarioMIP,MPI-ESM1-2-HR,ssp126,r2i1p1f1,Amon,tas,gn,gs://cmip6/CMIP6/ScenarioMIP/DWD/MPI-ESM1-2-HR/ssp126/r2i1p1f1/Amon/tas/gn/v20190710/
433,ScenarioMIP,MPI-ESM1-2-LR,ssp585,r8i1p1f1,Amon,tas,gn,gs://cmip6/CMIP6/ScenarioMIP/MPI-M/MPI-ESM1-2-LR/ssp585/r8i1p1f1/Amon/tas/gn/v20190710/
434,CMIP,MPI-ESM1-2-HR,historical,r6i1p1f1,Amon,tas,gn,gs://cmip6/CMIP6/CMIP/MPI-M/MPI-ESM1-2-HR/historical/r6i1p1f1/Amon/tas/gn/v20190710/
435,CMIP,MPI-ESM1-2-HR,historical,r5i1p1f1,Amon,tas,gn,gs://cmip6/CMIP6/CMIP/MPI-M/MPI-ESM1-2-HR/historical/r5i1p1f1/Amon/tas/gn/v20190710/
436,ScenarioMIP,MPI-ESM1-2-HR,ssp370,r6i1p1f1,Amon,tas,gn,gs://cmip6/CMIP6/ScenarioMIP/DKRZ/MPI-ESM1-2-HR/ssp370/r6i1p1f1/Amon/tas/gn/v20190710/
437,ScenarioMIP,MPI-ESM1-2-HR,ssp370,r5i1p1f1,Amon,tas,gn,gs://cmip6/CMIP6/ScenarioMIP/DKRZ/MPI-ESM1-2-HR/ssp370/r5i1p1f1/Amon/tas/gn/v20190710/
438,ScenarioMIP,MPI-ESM1-2-HR,ssp370,r8i1p1f1,Amon,tas,gn,gs://cmip6/CMIP6/ScenarioMIP/DKRZ/MPI-ESM1-2-HR/ssp370/r8i1p1f1/Amon/tas/gn/v20190710/
439,ScenarioMIP,MPI-ESM1-2-HR,ssp585,r1i1p1f1,Amon,tas,gn,gs://cmip6/CMIP6/ScenarioMIP/DKRZ/MPI-ESM1-2-HR/ssp585/r1i1p1f1/Amon/tas/gn/v20190710/
440,ScenarioMIP,MPI-ESM1-2-HR,ssp585,r2i1p1f1,Amon,tas,gn,gs://cmip6/CMIP6/ScenarioMIP/DWD/MPI-ESM1-2-HR/ssp585/r2i1p1f1/Amon/tas/gn/v20190710/
441,ScenarioMIP,MPI-ESM1-2-HR,ssp370,r9i1p1f1,Amon,tas,gn,gs://cmip6/CMIP6/ScenarioMIP/DKRZ/MPI-ESM1-2-HR/ssp370/r9i1p1f1/Amon/tas/gn/v20190710/
442,ScenarioMIP,MPI-ESM1-2-LR,ssp126,r4i1p1f1,Amon,tas,gn,gs://cmip6/CMIP6/ScenarioMIP/MPI-M/MPI-ESM1-2-LR/ssp126/r4i1p1f1/Amon/tas/gn/v20190710/
443,CMIP,MPI-ESM1-2-HR,historical,r3i1p1f1,Amon,tas,gn,gs://cmip6/CMIP6/CMIP/MPI-M/MPI-ESM1-2-HR/historical/r3i1p1f1/Amon/tas/gn/v20190710/
444,ScenarioMIP,MPI-ESM1-2-LR,ssp585,r7i1p1f1,Amon,tas,gn,gs://cmip6/CMIP6/ScenarioMIP/MPI-M/MPI-ESM1-2-LR/ssp585/r7i1p1f1/Amon/tas/gn/v20190710/
445,CMIP,MPI-ESM1-2-HR,historical,r1i1p1f1,Amon,tas,gn,gs://cmip6/CMIP6/CMIP/MPI-M/MPI-ESM1-2-HR/historical/r1i1p1f1/Amon/tas/gn/v20190710/
446,CMIP,MPI-ESM1-2-HR,historical,r4i1p1f1,Amon,tas,gn,gs://cmip6/CMIP6/CMIP/MPI-M/MPI-ESM1-2-HR/historical/r4i1p1f1/Amon/tas/gn/v20190710/
447,CMIP,MPI-ESM1-2-HR,historical,r7i1p1f1,Amon,tas,gn,gs://cmip6/CMIP6/CMIP/MPI-M/MPI-ESM1-2-HR/historical/r7i1p1f1/Amon/tas/gn/v20190710/
448,CMIP,MPI-ESM1-2-HR,historical,r9i1p1f1,Amon,tas,gn,gs://cmip6/CMIP6/CMIP/MPI-M/MPI-ESM1-2-HR/historical/r9i1p1f1/Amon/tas/gn/v20190710/
449,CMIP,MPI-ESM1-2-HR,historical,r10i1p1f1,Amon,tas,gn,gs://cmip6/CMIP6/CMIP/MPI-M/MPI-ESM1-2-HR/historical/r10i1p1f1/Amon/tas/gn/v20190710/
450,CMIP,MPI-ESM1-2-HR,historical,r8i1p1f1,Amon,tas,gn,gs://cmip6/CMIP6/CMIP/MPI-M/MPI-ESM1-2-HR/historical/r8i1p1f1/Amon/tas/gn/v20190710/
451,ScenarioMIP,MPI-ESM1-2-HR,ssp126,r1i1p1f1,Amon,tas,gn,gs://cmip6/CMIP6/ScenarioMIP/DKRZ/MPI-ESM1-2-HR/ssp126/r1i1p1f1/Amon/tas/gn/v20190710/
452,ScenarioMIP,MPI-ESM1-2-HR,ssp245,r1i1p1f1,Amon,tas,gn,gs://cmip6/CMIP6/ScenarioMIP/DKRZ/MPI-ESM1-2-HR/ssp245/r1i1p1f1/Amon/tas/gn/v20190710/
453,ScenarioMIP,MPI-ESM1-2-LR,ssp585,r10i1p1f1,Amon,tas,gn,gs://cmip6/CMIP6/ScenarioMIP/MPI-M/MPI-ESM1-2-LR/ssp585/r10i1p1f1/Amon/tas/gn/v20190710/
454,ScenarioMIP,MPI-ESM1-2-LR,ssp370,r8i1p1f1,Amon,tas,gn,gs://cmip6/CMIP6/ScenarioMIP/MPI-M/MPI-ESM1-2-LR/ssp370/r8i1p1f1/Amon/tas/gn/v20190710/
455,ScenarioMIP,MPI-ESM1-2-HR,ssp370,r1i1p1f1,Amon,tas,gn,gs://cmip6/CMIP6/ScenarioMIP/DKRZ/MPI-ESM1-2-HR/ssp370/r1i1p1f1/Amon/tas/gn/v20190710/
456,ScenarioMIP,MPI-ESM1-2-LR,ssp126,r5i1p1f1,Amon,tas,gn,gs://cmip6/CMIP6/ScenarioMIP/MPI-M/MPI-ESM1-2-LR/ssp126/r5i1p1f1/Amon/tas/gn/v20190710/
457,ScenarioMIP,MPI-ESM1-2-HR,ssp370,r3i1p1f1,Amon,tas,gn,gs://cmip6/CMIP6/ScenarioMIP/DKRZ/MPI-ESM1-2-HR/ssp370/r3i1p1f1/Amon/tas/gn/v20190710/
458,ScenarioMIP,MPI-ESM1-2-LR,ssp126,r1i1p1f1,Amon,tas,gn,gs://cmip6/CMIP6/ScenarioMIP/MPI-M/MPI-ESM1-2-LR/ssp126/r1i1p1f1/Amon/tas/gn/v20190710/
459,ScenarioMIP,MPI-ESM1-2-LR,ssp370,r7i1p1f1,Amon,tas,gn,gs://cmip6/CMIP6/ScenarioMIP/MPI-M/MPI-ESM1-2-LR/ssp370/r7i1p1f1/Amon/tas/gn/v20190710/
460,ScenarioMIP,MPI-ESM1-2-LR,ssp126,r10i1p1f1,Amon,tas,gn,gs://cmip6/CMIP6/ScenarioMIP/MPI-M/MPI-ESM1-2-LR/ssp126/r10i1p1f1/Amon/tas/gn/v20190710/
461,ScenarioMIP,MPI-ESM1-2-LR,ssp126,r3i1p1f1,Amon,tas,gn,gs://cmip6/CMIP6/ScenarioMIP/MPI-M/MPI-ESM1-2-LR/ssp126/r3i1p1f1/Amon/tas/gn/v20190710/
462,ScenarioMIP,MPI-ESM1-2-LR,ssp126,r2i1p1f1,Amon,tas,gn,gs://cmip6/CMIP6/ScenarioMIP/MPI-M/MPI-ESM1-2-LR/ssp126/r2i1p1f1/Amon/tas/gn/v20190710/
463,ScenarioMIP,MPI-ESM1-2-LR,ssp585,r3i1p1f1,Amon,tas,gn,gs://cmip6/CMIP6/ScenarioMIP/MPI-M/MPI-ESM1-2-LR/ssp585/r3i1p1f1/Amon/tas/gn/v20190710/
464,ScenarioMIP,MPI-ESM1-2-LR,ssp585,r2i1p1f1,Amon,tas,gn,gs://cmip6/CMIP6/ScenarioMIP/MPI-M/MPI-ESM1-2-LR/ssp585/r2i1p1f1/Amon/tas/gn/v20190710/
465,ScenarioMIP,MPI-ESM1-2-LR,ssp126,r7i1p1f1,Amon,tas,gn,gs://cmip6/CMIP6/ScenarioMIP/MPI-M/MPI-ESM1-2-LR/ssp126/r7i1p1f1/Amon/tas/gn/v20190710/
466,ScenarioMIP,MPI-ESM1-2-LR,ssp126,r6i1p1f1,Amon,tas,gn,gs://cmip6/CMIP6/ScenarioMIP/MPI-M/MPI-ESM1-2-LR/ssp126/r6i1p1f1/Amon/tas/gn/v20190710/
467,ScenarioMIP,MPI-ESM1-2-LR,ssp370,r6i1p1f1,Amon,tas,gn,gs://cmip6/CMIP6/ScenarioMIP/MPI-M/MPI-ESM1-2-LR/ssp370/r6i1p1f1/Amon/tas/gn/v20190710/
468,ScenarioMIP,MPI-ESM1-2-LR,ssp585,r1i1p1f1,Amon,tas,gn,gs://cmip6/CMIP6/ScenarioMIP/MPI-M/MPI-ESM1-2-LR/ssp585/r1i1p1f1/Amon/tas/gn/v20190710/
469,ScenarioMIP,MPI-ESM1-2-HR,ssp370,r7i1p1f1,Amon,tas,gn,gs://cmip6/CMIP6/ScenarioMIP/DKRZ/MPI-ESM1-2-HR/ssp370/r7i1p1f1/Amon/tas/gn/v20190710/
470,ScenarioMIP,MPI-ESM1-2-HR,ssp245,r2i1p1f1,Amon,tas,gn,gs://cmip6/CMIP6/ScenarioMIP/DKRZ/MPI-ESM1-2-HR/ssp245/r2i1p1f1/Amon/tas/gn/v20190710/
471,ScenarioMIP,MPI-ESM1-2-HR,ssp370,r10i1p1f1,Amon,tas,gn,gs://cmip6/CMIP6/ScenarioMIP/DKRZ/MPI-ESM1-2-HR/ssp370/r10i1p1f1/Amon/tas/gn/v20190710/
472,ScenarioMIP,MPI-ESM1-2-HR,ssp370,r2i1p1f1,Amon,tas,gn,gs://cmip6/CMIP6/ScenarioMIP/DKRZ/MPI-ESM1-2-HR/ssp370/r2i1p1f1/Amon/tas/gn/v20190710/
473,ScenarioMIP,MPI-ESM1-2-LR,ssp370,r9i1p1f1,Amon,tas,gn,gs://cmip6/CMIP6/ScenarioMIP/MPI-M/MPI-ESM1-2-LR/ssp370/r9i1p1f1/Amon/tas/gn/v20190710/
474,ScenarioMIP,MPI-ESM1-2-HR,ssp370,r4i1p1f1,Amon,tas,gn,gs://cmip6/CMIP6/ScenarioMIP/DKRZ/MPI-ESM1-2-HR/ssp370/r4i1p1f1/Amon/tas/gn/v20190710/
475,ScenarioMIP,MPI-ESM1-2-LR,ssp126,r8i1p1f1,Amon,tas,gn,gs://cmip6/CMIP6/ScenarioMIP/MPI-M/MPI-ESM1-2-LR/ssp126/r8i1p1f1/Amon/tas/gn/v20190710/
476,ScenarioMIP,MIROC6,ssp460,r1i1p1f1,Amon,tas,gn,gs://cmip6/CMIP6/ScenarioMIP/MIROC/MIROC6/ssp460/r1i1p1f1/Amon/tas/gn/v20190807/
477,ScenarioMIP,MIROC6,ssp119,r1i1p1f1,Amon,tas,gn,gs://cmip6/CMIP6/ScenarioMIP/MIROC/MIROC6/ssp119/r1i1p1f1/Amon/tas/gn/v20190807/
478,ScenarioMIP,MIROC6,ssp434,r1i1p1f1,Amon,tas,gn,gs://cmip6/CMIP6/ScenarioMIP/MIROC/MIROC6/ssp434/r1i1p1f1/Amon/tas/gn/v20190807/
479,ScenarioMIP,MIROC6,ssp534-over,r1i1p1f1,Amon,tas,gn,gs://cmip6/CMIP6/ScenarioMIP/MIROC/MIROC6/ssp534-over/r1i1p1f1/Amon/tas/gn/v20190807/
480,CMIP,GISS-E2-1-G,historical,r102i1p1f1,Amon,tas,gn,gs://cmip6/CMIP6/CMIP/NASA-GISS/GISS-E2-1-G/historical/r102i1p1f1/Amon/tas/gn/v20190815/
481,CMIP,GISS-E2-1-G,historical,r101i1p1f1,Amon,tas,gn,gs://cmip6/CMIP6/CMIP/NASA-GISS/GISS-E2-1-G/historical/r101i1p1f1/Amon/tas/gn/v20190815/
482,ScenarioMIP,UKESM1-0-LL,ssp434,r1i1p1f2,Amon,tas,gn,gs://cmip6/CMIP6/ScenarioMIP/MOHC/UKESM1-0-LL/ssp434/r1i1p1f2/Amon/tas/gn/v20190828/
483,ScenarioMIP,UKESM1-0-LL,ssp434,r2i1p1f2,Amon,tas,gn,gs://cmip6/CMIP6/ScenarioMIP/MOHC/UKESM1-0-LL/ssp434/r2i1p1f2/Amon/tas/gn/v20190828/
484,ScenarioMIP,UKESM1-0-LL,ssp534-over,r2i1p1f2,Amon,tas,gn,gs://cmip6/CMIP6/ScenarioMIP/MOHC/UKESM1-0-LL/ssp534-over/r2i1p1f2/Amon/tas/gn/v20190830/
485,ScenarioMIP,UKESM1-0-LL,ssp534-over,r1i1p1f2,Amon,tas,gn,gs://cmip6/CMIP6/ScenarioMIP/MOHC/UKESM1-0-LL/ssp534-over/r1i1p1f2/Amon/tas/gn/v20190830/
486,ScenarioMIP,UKESM1-0-LL,ssp534-over,r3i1p1f2,Amon,tas,gn,gs://cmip6/CMIP6/ScenarioMIP/MOHC/UKESM1-0-LL/ssp534-over/r3i1p1f2/Amon/tas/gn/v20190830/
487,ScenarioMIP,UKESM1-0-LL,ssp119,r3i1p1f2,Amon,tas,gn,gs://cmip6/CMIP6/ScenarioMIP/MOHC/UKESM1-0-LL/ssp119/r3i1p1f2/Amon/tas/gn/v20190830/
488,ScenarioMIP,UKESM1-0-LL,ssp119,r1i1p1f2,Amon,tas,gn,gs://cmip6/CMIP6/ScenarioMIP/MOHC/UKESM1-0-LL/ssp119/r1i1p1f2/Amon/tas/gn/v20190830/
489,CMIP,GISS-E2-1-G,historical,r4i1p1f3,Amon,tas,gn,gs://cmip6/CMIP6/CMIP/NASA-GISS/GISS-E2-1-G/historical/r4i1p1f3/Amon/tas/gn/v20190903/
490,CMIP,GISS-E2-1-G,historical,r3i1p1f3,Amon,tas,gn,gs://cmip6/CMIP6/CMIP/NASA-GISS/GISS-E2-1-G/historical/r3i1p1f3/Amon/tas/gn/v20190903/
491,CMIP,GISS-E2-1-G,historical,r6i1p1f2,Amon,tas,gn,gs://cmip6/CMIP6/CMIP/NASA-GISS/GISS-E2-1-G/historical/r6i1p1f2/Amon/tas/gn/v20190903/
492,CMIP,GISS-E2-1-G,historical,r5i1p1f2,Amon,tas,gn,gs://cmip6/CMIP6/CMIP/NASA-GISS/GISS-E2-1-G/historical/r5i1p1f2/Amon/tas/gn/v20190903/
493,CMIP,GISS-E2-1-G,historical,r5i1p1f3,Amon,tas,gn,gs://cmip6/CMIP6/CMIP/NASA-GISS/GISS-E2-1-G/historical/r5i1p1f3/Amon/tas/gn/v20190903/
494,CMIP,GISS-E2-1-G,historical,r2i1p1f3,Amon,tas,gn,gs://cmip6/CMIP6/CMIP/NASA-GISS/GISS-E2-1-G/historical/r2i1p1f3/Amon/tas/gn/v20190903/
495,CMIP,GISS-E2-1-G,historical,r3i1p1f2,Amon,tas,gn,gs://cmip6/CMIP6/CMIP/NASA-GISS/GISS-E2-1-G/historical/r3i1p1f2/Amon/tas/gn/v20190903/
496,CMIP,GISS-E2-1-G,historical,r4i1p1f2,Amon,tas,gn,gs://cmip6/CMIP6/CMIP/NASA-GISS/GISS-E2-1-G/historical/r4i1p1f2/Amon/tas/gn/v20190903/
497,CMIP,GISS-E2-1-G,historical,r7i1p1f2,Amon,tas,gn,gs://cmip6/CMIP6/CMIP/NASA-GISS/GISS-E2-1-G/historical/r7i1p1f2/Amon/tas/gn/v20190903/
498,CMIP,GISS-E2-1-G,historical,r9i1p1f2,Amon,tas,gn,gs://cmip6/CMIP6/CMIP/NASA-GISS/GISS-E2-1-G/historical/r9i1p1f2/Amon/tas/gn/v20190903/
499,CMIP,GISS-E2-1-G,historical,r8i1p1f2,Amon,tas,gn,gs://cmip6/CMIP6/CMIP/NASA-GISS/GISS-E2-1-G/historical/r8i1p1f2/Amon/tas/gn/v20190903/
500,CMIP,GISS-E2-1-G,historical,r10i1p1f2,Amon,tas,gn,gs://cmip6/CMIP6/CMIP/NASA-GISS/GISS-E2-1-G/historical/r10i1p1f2/Amon/tas/gn/v20190903/
501,CMIP,GISS-E2-1-G,historical,r1i1p1f2,Amon,tas,gn,gs://cmip6/CMIP6/CMIP/NASA-GISS/GISS-E2-1-G/historical/r1i1p1f2/Amon/tas/gn/v20190903/
502,CMIP,GISS-E2-1-G,historical,r11i1p1f2,Amon,tas,gn,gs://cmip6/CMIP6/CMIP/NASA-GISS/GISS-E2-1-G/historical/r11i1p1f2/Amon/tas/gn/v20190903/
503,CMIP,GISS-E2-1-G,historical,r1i1p1f3,Amon,tas,gn,gs://cmip6/CMIP6/CMIP/NASA-GISS/GISS-E2-1-G/historical/r1i1p1f3/Amon/tas/gn/v20190903/
504,ScenarioMIP,UKESM1-0-LL,ssp534-over,r4i1p1f2,Amon,tas,gn,gs://cmip6/CMIP6/ScenarioMIP/MOHC/UKESM1-0-LL/ssp534-over/r4i1p1f2/Amon/tas/gn/v20190903/
505,CMIP,GISS-E2-1-G,historical,r2i1p1f2,Amon,tas,gn,gs://cmip6/CMIP6/CMIP/NASA-GISS/GISS-E2-1-G/historical/r2i1p1f2/Amon/tas/gn/v20190903/
515,ScenarioMIP,UKESM1-0-LL,ssp119,r4i1p1f2,Amon,tas,gn,gs://cmip6/CMIP6/ScenarioMIP/MOHC/UKESM1-0-LL/ssp119/r4i1p1f2/Amon/tas/gn/v20190905/
516,ScenarioMIP,UKESM1-0-LL,ssp434,r3i1p1f2,Amon,tas,gn,gs://cmip6/CMIP6/ScenarioMIP/MOHC/UKESM1-0-LL/ssp434/r3i1p1f2/Amon/tas/gn/v20190906/
517,CMIP,NorCPM1,historical,r1i1p1f1,Amon,tas,gn,gs://cmip6/CMIP6/CMIP/NCC/NorCPM1/historical/r1i1p1f1/Amon/tas/gn/v20190914/
518,CMIP,NorCPM1,historical,r10i1p1f1,Amon,tas,gn,gs://cmip6/CMIP6/CMIP/NCC/NorCPM1/historical/r10i1p1f1/Amon/tas/gn/v20190914/
519,CMIP,NorCPM1,historical,r2i1p1f1,Amon,tas,gn,gs://cmip6/CMIP6/CMIP/NCC/NorCPM1/historical/r2i1p1f1/Amon/tas/gn/v20190914/
520,ScenarioMIP,UKESM1-0-LL,ssp119,r8i1p1f2,Amon,tas,gn,gs://cmip6/CMIP6/ScenarioMIP/MOHC/UKESM1-0-LL/ssp119/r8i1p1f2/Amon/tas/gn/v20190917/
521,ScenarioMIP,UKESM1-0-LL,ssp434,r8i1p1f2,Amon,tas,gn,gs://cmip6/CMIP6/ScenarioMIP/MOHC/UKESM1-0-LL/ssp434/r8i1p1f2/Amon/tas/gn/v20190925/
522,ScenarioMIP,UKESM1-0-LL,ssp434,r4i1p1f2,Amon,tas,gn,gs://cmip6/CMIP6/ScenarioMIP/MOHC/UKESM1-0-LL/ssp434/r4i1p1f2/Amon/tas/gn/v20190925/
523,ScenarioMIP,UKESM1-0-LL,ssp534-over,r8i1p1f2,Amon,tas,gn,gs://cmip6/CMIP6/ScenarioMIP/MOHC/UKESM1-0-LL/ssp534-over/r8i1p1f2/Amon/tas/gn/v20191104/
524,ScenarioMIP,UKESM1-0-LL,ssp119,r2i1p1f2,Amon,tas,gn,gs://cmip6/CMIP6/ScenarioMIP/MOHC/UKESM1-0-LL/ssp119/r2i1p1f2/Amon/tas/gn/v20191104/
525,ScenarioMIP,ACCESS-ESM1-5,ssp126,r1i1p1f1,Amon,tas,gn,gs://cmip6/CMIP6/ScenarioMIP/CSIRO/ACCESS-ESM1-5/ssp126/r1i1p1f1/Amon/tas/gn/v20191115/
526,CMIP,UKESM1-0-LL,historical,r17i1p1f2,Amon,tas,gn,gs://cmip6/CMIP6/CMIP/MOHC/UKESM1-0-LL/historical/r17i1p1f2/Amon/tas/gn/v20191115/
527,ScenarioMIP,ACCESS-ESM1-5,ssp370,r1i1p1f1,Amon,tas,gn,gs://cmip6/CMIP6/ScenarioMIP/CSIRO/ACCESS-ESM1-5/ssp370/r1i1p1f1/Amon/tas/gn/v20191115/
528,CMIP,ACCESS-ESM1-5,historical,r1i1p1f1,Amon,tas,gn,gs://cmip6/CMIP6/CMIP/CSIRO/ACCESS-ESM1-5/historical/r1i1p1f1/Amon/tas/gn/v20191115/
529,ScenarioMIP,ACCESS-ESM1-5,ssp585,r1i1p1f1,Amon,tas,gn,gs://cmip6/CMIP6/ScenarioMIP/CSIRO/ACCESS-ESM1-5/ssp585/r1i1p1f1/Amon/tas/gn/v20191115/
530,ScenarioMIP,ACCESS-ESM1-5,ssp245,r1i1p1f1,Amon,tas,gn,gs://cmip6/CMIP6/ScenarioMIP/CSIRO/ACCESS-ESM1-5/ssp245/r1i1p1f1/Amon/tas/gn/v20191115/
531,CMIP,UKESM1-0-LL,historical,r18i1p1f2,Amon,tas,gn,gs://cmip6/CMIP6/CMIP/MOHC/UKESM1-0-LL/historical/r18i1p1f2/Amon/tas/gn/v20191119/
532,CMIP,UKESM1-0-LL,historical,r19i1p1f2,Amon,tas,gn,gs://cmip6/CMIP6/CMIP/MOHC/UKESM1-0-LL/historical/r19i1p1f2/Amon/tas/gn/v20191119/
533,CMIP,ACCESS-ESM1-5,historical,r2i1p1f1,Amon,tas,gn,gs://cmip6/CMIP6/CMIP/CSIRO/ACCESS-ESM1-5/historical/r2i1p1f1/Amon/tas/gn/v20191128/
534,ScenarioMIP,ACCESS-ESM1-5,ssp126,r2i1p1f1,Amon,tas,gn,gs://cmip6/CMIP6/ScenarioMIP/CSIRO/ACCESS-ESM1-5/ssp126/r2i1p1f1/Amon/tas/gn/v20191129/
535,ScenarioMIP,ACCESS-ESM1-5,ssp370,r2i1p1f1,Amon,tas,gn,gs://cmip6/CMIP6/ScenarioMIP/CSIRO/ACCESS-ESM1-5/ssp370/r2i1p1f1/Amon/tas/gn/v20191129/
536,ScenarioMIP,ACCESS-ESM1-5,ssp245,r2i1p1f1,Amon,tas,gn,gs://cmip6/CMIP6/ScenarioMIP/CSIRO/ACCESS-ESM1-5/ssp245/r2i1p1f1/Amon/tas/gn/v20191129/
537,ScenarioMIP,ACCESS-ESM1-5,ssp585,r2i1p1f1,Amon,tas,gn,gs://cmip6/CMIP6/ScenarioMIP/CSIRO/ACCESS-ESM1-5/ssp585/r2i1p1f1/Amon/tas/gn/v20191129/
538,ScenarioMIP,ACCESS-ESM1-5,ssp126,r3i1p1f1,Amon,tas,gn,gs://cmip6/CMIP6/ScenarioMIP/CSIRO/ACCESS-ESM1-5/ssp126/r3i1p1f1/Amon/tas/gn/v20191201/
539,ScenarioMIP,ACCESS-ESM1-5,ssp245,r3i1p1f1,Amon,tas,gn,gs://cmip6/CMIP6/ScenarioMIP/CSIRO/ACCESS-ESM1-5/ssp245/r3i1p1f1/Amon/tas/gn/v20191203/
540,ScenarioMIP,ACCESS-ESM1-5,ssp585,r3i1p1f1,Amon,tas,gn,gs://cmip6/CMIP6/ScenarioMIP/CSIRO/ACCESS-ESM1-5/ssp585/r3i1p1f1/Amon/tas/gn/v20191203/
541,CMIP,ACCESS-ESM1-5,historical,r3i1p1f1,Amon,tas,gn,gs://cmip6/CMIP6/CMIP/CSIRO/ACCESS-ESM1-5/historical/r3i1p1f1/Amon/tas/gn/v20191203/
542,ScenarioMIP,ACCESS-ESM1-5,ssp370,r3i1p1f1,Amon,tas,gn,gs://cmip6/CMIP6/ScenarioMIP/CSIRO/ACCESS-ESM1-5/ssp370/r3i1p1f1/Amon/tas/gn/v20191203/
543,CMIP,UKESM1-0-LL,historical,r16i1p1f2,Amon,tas,gn,gs://cmip6/CMIP6/CMIP/MOHC/UKESM1-0-LL/historical/r16i1p1f2/Amon/tas/gn/v20191209/
544,CMIP,UKESM1-0-LL,historical,r11i1p1f2,Amon,tas,gn,gs://cmip6/CMIP6/CMIP/MOHC/UKESM1-0-LL/historical/r11i1p1f2/Amon/tas/gn/v20191209/
545,CMIP,UKESM1-0-LL,historical,r12i1p1f2,Amon,tas,gn,gs://cmip6/CMIP6/CMIP/MOHC/UKESM1-0-LL/historical/r12i1p1f2/Amon/tas/gn/v20191210/
546,CMIP,UKESM1-0-LL,historical,r10i1p1f2,Amon,tas,gn,gs://cmip6/CMIP6/CMIP/MOHC/UKESM1-0-LL/historical/r10i1p1f2/Amon/tas/gn/v20191213/
553,ScenarioMIP,GISS-E2-1-G,ssp245,r6i1p1f2,Amon,tas,gn,gs://cmip6/CMIP6/ScenarioMIP/NASA-GISS/GISS-E2-1-G/ssp245/r6i1p1f2/Amon/tas/gn/v20200115/
562,ScenarioMIP,GISS-E2-1-G,ssp370,r5i1p1f2,Amon,tas,gn,gs://cmip6/CMIP6/ScenarioMIP/NASA-GISS/GISS-E2-1-G/ssp370/r5i1p1f2/Amon/tas/gn/v20200115/
566,ScenarioMIP,GISS-E2-1-G,ssp460,r4i1p1f2,Amon,tas,gn,gs://cmip6/CMIP6/ScenarioMIP/NASA-GISS/GISS-E2-1-G/ssp460/r4i1p1f2/Amon/tas/gn/v20200115/
568,ScenarioMIP,GISS-E2-1-G,ssp460,r3i1p1f2,Amon,tas,gn,gs://cmip6/CMIP6/ScenarioMIP/NASA-GISS/GISS-E2-1-G/ssp460/r3i1p1f2/Amon/tas/gn/v20200115/
569,ScenarioMIP,GISS-E2-1-G,ssp460,r2i1p1f2,Amon,tas,gn,gs://cmip6/CMIP6/ScenarioMIP/NASA-GISS/GISS-E2-1-G/ssp460/r2i1p1f2/Amon/tas/gn/v20200115/
570,ScenarioMIP,GISS-E2-1-G,ssp460,r5i1p1f2,Amon,tas,gn,gs://cmip6/CMIP6/ScenarioMIP/NASA-GISS/GISS-E2-1-G/ssp460/r5i1p1f2/Amon/tas/gn/v20200115/
578,ScenarioMIP,GISS-E2-1-G,ssp245,r10i1p1f2,Amon,tas,gn,gs://cmip6/CMIP6/ScenarioMIP/NASA-GISS/GISS-E2-1-G/ssp245/r10i1p1f2/Amon/tas/gn/v20200115/
584,ScenarioMIP,GISS-E2-1-G,ssp245,r7i1p1f2,Amon,tas,gn,gs://cmip6/CMIP6/ScenarioMIP/NASA-GISS/GISS-E2-1-G/ssp245/r7i1p1f2/Amon/tas/gn/v20200115/
586,ScenarioMIP,GISS-E2-1-G,ssp245,r9i1p1f2,Amon,tas,gn,gs://cmip6/CMIP6/ScenarioMIP/NASA-GISS/GISS-E2-1-G/ssp245/r9i1p1f2/Amon/tas/gn/v20200115/
587,ScenarioMIP,GISS-E2-1-G,ssp245,r8i1p1f2,Amon,tas,gn,gs://cmip6/CMIP6/ScenarioMIP/NASA-GISS/GISS-E2-1-G/ssp245/r8i1p1f2/Amon/tas/gn/v20200115/
588,ScenarioMIP,GISS-E2-1-G,ssp370,r10i1p1f2,Amon,tas,gn,gs://cmip6/CMIP6/ScenarioMIP/NASA-GISS/GISS-E2-1-G/ssp370/r10i1p1f2/Amon/tas/gn/v20200115/
593,ScenarioMIP,GISS-E2-1-G,ssp370,r2i1p1f2,Amon,tas,gn,gs://cmip6/CMIP6/ScenarioMIP/NASA-GISS/GISS-E2-1-G/ssp370/r2i1p1f2/Amon/tas/gn/v20200115/
597,ScenarioMIP,GISS-E2-1-G,ssp370,r4i1p1f2,Amon,tas,gn,gs://cmip6/CMIP6/ScenarioMIP/NASA-GISS/GISS-E2-1-G/ssp370/r4i1p1f2/Amon/tas/gn/v20200115/
599,ScenarioMIP,GISS-E2-1-G,ssp460,r1i1p1f2,Amon,tas,gn,gs://cmip6/CMIP6/ScenarioMIP/NASA-GISS/GISS-E2-1-G/ssp460/r1i1p1f2/Amon/tas/gn/v20200115/
600,ScenarioMIP,GISS-E2-1-G,ssp370,r6i1p1f2,Amon,tas,gn,gs://cmip6/CMIP6/ScenarioMIP/NASA-GISS/GISS-E2-1-G/ssp370/r6i1p1f2/Amon/tas/gn/v20200115/
602,ScenarioMIP,GISS-E2-1-G,ssp370,r3i1p1f2,Amon,tas,gn,gs://cmip6/CMIP6/ScenarioMIP/NASA-GISS/GISS-E2-1-G/ssp370/r3i1p1f2/Amon/tas/gn/v20200115/
604,ScenarioMIP,GISS-E2-1-G,ssp370,r7i1p1f2,Amon,tas,gn,gs://cmip6/CMIP6/ScenarioMIP/NASA-GISS/GISS-E2-1-G/ssp370/r7i1p1f2/Amon/tas/gn/v20200115/
605,ScenarioMIP,GISS-E2-1-G,ssp370,r9i1p1f2,Amon,tas,gn,gs://cmip6/CMIP6/ScenarioMIP/NASA-GISS/GISS-E2-1-G/ssp370/r9i1p1f2/Amon/tas/gn/v20200115/
607,ScenarioMIP,GISS-E2-1-G,ssp434,r1i1p1f2,Amon,tas,gn,gs://cmip6/CMIP6/ScenarioMIP/NASA-GISS/GISS-E2-1-G/ssp434/r1i1p1f2/Amon/tas/gn/v20200115/
608,ScenarioMIP,GISS-E2-1-G,ssp119,r1i1p1f2,Amon,tas,gn,gs://cmip6/CMIP6/ScenarioMIP/NASA-GISS/GISS-E2-1-G/ssp119/r1i1p1f2/Amon/tas/gn/v20200115/
609,ScenarioMIP,GISS-E2-1-G,ssp370,r8i1p1f2,Amon,tas,gn,gs://cmip6/CMIP6/ScenarioMIP/NASA-GISS/GISS-E2-1-G/ssp370/r8i1p1f2/Amon/tas/gn/v20200115/
611,CMIP,UKESM1-0-LL,historical,r13i1p1f2,Amon,tas,gn,gs://cmip6/CMIP6/CMIP/NIMS-KMA/UKESM1-0-LL/historical/r13i1p1f2/Amon/tas/gn/v20200205/
612,CMIP,MIROC6,historical,r15i1p1f1,Amon,tas,gn,gs://cmip6/CMIP6/CMIP/MIROC/MIROC6/historical/r15i1p1f1/Amon/tas/gn/v20200519/
613,CMIP,MIROC6,historical,r16i1p1f1,Amon,tas,gn,gs://cmip6/CMIP6/CMIP/MIROC/MIROC6/historical/r16i1p1f1/Amon/tas/gn/v20200519/
614,CMIP,MIROC6,historical,r12i1p1f1,Amon,tas,gn,gs://cmip6/CMIP6/CMIP/MIROC/MIROC6/historical/r12i1p1f1/Amon/tas/gn/v20200519/
615,CMIP,MIROC6,historical,r17i1p1f1,Amon,tas,gn,gs://cmip6/CMIP6/CMIP/MIROC/MIROC6/historical/r17i1p1f1/Amon/tas/gn/v20200519/
616,CMIP,MIROC6,historical,r11i1p1f1,Amon,tas,gn,gs://cmip6/CMIP6/CMIP/MIROC/MIROC6/historical/r11i1p1f1/Amon/tas/gn/v20200519/
617,CMIP,MIROC6,historical,r18i1p1f1,Amon,tas,gn,gs://cmip6/CMIP6/CMIP/MIROC/MIROC6/historical/r18i1p1f1/Amon/tas/gn/v20200519/
618,CMIP,MIROC6,historical,r39i1p1f1,Amon,tas,gn,gs://cmip6/CMIP6/CMIP/MIROC/MIROC6/historical/r39i1p1f1/Amon/tas/gn/v20200519/
619,CMIP,MIROC6,historical,r43i1p1f1,Amon,tas,gn,gs://cmip6/CMIP6/CMIP/MIROC/MIROC6/historical/r43i1p1f1/Amon/tas/gn/v20200519/
620,CMIP,MIROC6,historical,r42i1p1f1,Amon,tas,gn,gs://cmip6/CMIP6/CMIP/MIROC/MIROC6/historical/r42i1p1f1/Amon/tas/gn/v20200519/
621,CMIP,MIROC6,historical,r44i1p1f1,Amon,tas,gn,gs://cmip6/CMIP6/CMIP/MIROC/MIROC6/historical/r44i1p1f1/Amon/tas/gn/v20200519/
622,CMIP,MIROC6,historical,r21i1p1f1,Amon,tas,gn,gs://cmip6/CMIP6/CMIP/MIROC/MIROC6/historical/r21i1p1f1/Amon/tas/gn/v20200519/
623,CMIP,MIROC6,historical,r20i1p1f1,Amon,tas,gn,gs://cmip6/CMIP6/CMIP/MIROC/MIROC6/historical/r20i1p1f1/Amon/tas/gn/v20200519/
624,CMIP,MIROC6,historical,r24i1p1f1,Amon,tas,gn,gs://cmip6/CMIP6/CMIP/MIROC/MIROC6/historical/r24i1p1f1/Amon/tas/gn/v20200519/
625,CMIP,MIROC6,historical,r19i1p1f1,Amon,tas,gn,gs://cmip6/CMIP6/CMIP/MIROC/MIROC6/historical/r19i1p1f1/Amon/tas/gn/v20200519/
626,CMIP,MIROC6,historical,r14i1p1f1,Amon,tas,gn,gs://cmip6/CMIP6/CMIP/MIROC/MIROC6/historical/r14i1p1f1/Amon/tas/gn/v20200519/
627,CMIP,MIROC6,historical,r25i1p1f1,Amon,tas,gn,gs://cmip6/CMIP6/CMIP/MIROC/MIROC6/historical/r25i1p1f1/Amon/tas/gn/v20200519/
628,CMIP,MIROC6,historical,r13i1p1f1,Amon,tas,gn,gs://cmip6/CMIP6/CMIP/MIROC/MIROC6/historical/r13i1p1f1/Amon/tas/gn/v20200519/
629,CMIP,MIROC6,historical,r23i1p1f1,Amon,tas,gn,gs://cmip6/CMIP6/CMIP/MIROC/MIROC6/historical/r23i1p1f1/Amon/tas/gn/v20200519/
630,CMIP,MIROC6,historical,r22i1p1f1,Amon,tas,gn,gs://cmip6/CMIP6/CMIP/MIROC/MIROC6/historical/r22i1p1f1/Amon/tas/gn/v20200519/
631,CMIP,MIROC6,historical,r35i1p1f1,Amon,tas,gn,gs://cmip6/CMIP6/CMIP/MIROC/MIROC6/historical/r35i1p1f1/Amon/tas/gn/v20200519/
632,CMIP,MIROC6,historical,r36i1p1f1,Amon,tas,gn,gs://cmip6/CMIP6/CMIP/MIROC/MIROC6/historical/r36i1p1f1/Amon/tas/gn/v20200519/
633,CMIP,MIROC6,historical,r28i1p1f1,Amon,tas,gn,gs://cmip6/CMIP6/CMIP/MIROC/MIROC6/historical/r28i1p1f1/Amon/tas/gn/v20200519/
634,CMIP,MIROC6,historical,r27i1p1f1,Amon,tas,gn,gs://cmip6/CMIP6/CMIP/MIROC/MIROC6/historical/r27i1p1f1/Amon/tas/gn/v20200519/
635,CMIP,MIROC6,historical,r31i1p1f1,Amon,tas,gn,gs://cmip6/CMIP6/CMIP/MIROC/MIROC6/historical/r31i1p1f1/Amon/tas/gn/v20200519/
636,CMIP,MIROC6,historical,r26i1p1f1,Amon,tas,gn,gs://cmip6/CMIP6/CMIP/MIROC/MIROC6/historical/r26i1p1f1/Amon/tas/gn/v20200519/
637,CMIP,MIROC6,historical,r32i1p1f1,Amon,tas,gn,gs://cmip6/CMIP6/CMIP/MIROC/MIROC6/historical/r32i1p1f1/Amon/tas/gn/v20200519/
638,CMIP,MIROC6,historical,r34i1p1f1,Amon,tas,gn,gs://cmip6/CMIP6/CMIP/MIROC/MIROC6/historical/r34i1p1f1/Amon/tas/gn/v20200519/
639,CMIP,MIROC6,historical,r38i1p1f1,Amon,tas,gn,gs://cmip6/CMIP6/CMIP/MIROC/MIROC6/historical/r38i1p1f1/Amon/tas/gn/v20200519/
640,CMIP,MIROC6,historical,r33i1p1f1,Amon,tas,gn,gs://cmip6/CMIP6/CMIP/MIROC/MIROC6/historical/r33i1p1f1/Amon/tas/gn/v20200519/
641,CMIP,MIROC6,historical,r37i1p1f1,Amon,tas,gn,gs://cmip6/CMIP6/CMIP/MIROC/MIROC6/historical/r37i1p1f1/Amon/tas/gn/v20200519/
642,CMIP,MIROC6,historical,r48i1p1f1,Amon,tas,gn,gs://cmip6/CMIP6/CMIP/MIROC/MIROC6/historical/r48i1p1f1/Amon/tas/gn/v20200519/
643,CMIP,MIROC6,historical,r50i1p1f1,Amon,tas,gn,gs://cmip6/CMIP6/CMIP/MIROC/MIROC6/historical/r50i1p1f1/Amon/tas/gn/v20200519/
644,CMIP,MIROC6,historical,r40i1p1f1,Amon,tas,gn,gs://cmip6/CMIP6/CMIP/MIROC/MIROC6/historical/r40i1p1f1/Amon/tas/gn/v20200519/
645,CMIP,MIROC6,historical,r41i1p1f1,Amon,tas,gn,gs://cmip6/CMIP6/CMIP/MIROC/MIROC6/historical/r41i1p1f1/Amon/tas/gn/v20200519/
646,CMIP,MIROC6,historical,r49i1p1f1,Amon,tas,gn,gs://cmip6/CMIP6/CMIP/MIROC/MIROC6/historical/r49i1p1f1/Amon/tas/gn/v20200519/
647,CMIP,MIROC6,historical,r29i1p1f1,Amon,tas,gn,gs://cmip6/CMIP6/CMIP/MIROC/MIROC6/historical/r29i1p1f1/Amon/tas/gn/v20200519/
648,CMIP,MIROC6,historical,r30i1p1f1,Amon,tas,gn,gs://cmip6/CMIP6/CMIP/MIROC/MIROC6/historical/r30i1p1f1/Amon/tas/gn/v20200519/
649,CMIP,MIROC6,historical,r45i1p1f1,Amon,tas,gn,gs://cmip6/CMIP6/CMIP/MIROC/MIROC6/historical/r45i1p1f1/Amon/tas/gn/v20200519/
650,CMIP,MIROC6,historical,r47i1p1f1,Amon,tas,gn,gs://cmip6/CMIP6/CMIP/MIROC/MIROC6/historical/r47i1p1f1/Amon/tas/gn/v20200519/
651,CMIP,MIROC6,historical,r46i1p1f1,Amon,tas,gn,gs://cmip6/CMIP6/CMIP/MIROC/MIROC6/historical/r46i1p1f1/Amon/tas/gn/v20200519/
652,CMIP,ACCESS-ESM1-5,historical,r6i1p1f1,Amon,tas,gn,gs://cmip6/CMIP6/CMIP/CSIRO/ACCESS-ESM1-5/historical/r6i1p1f1/Amon/tas/gn/v20200529/
653,CMIP,ACCESS-ESM1-5,historical,r8i1p1f1,Amon,tas,gn,gs://cmip6/CMIP6/CMIP/CSIRO/ACCESS-ESM1-5/historical/r8i1p1f1/Amon/tas/gn/v20200529/
654,CMIP,ACCESS-ESM1-5,historical,r7i1p1f1,Amon,tas,gn,gs://cmip6/CMIP6/CMIP/CSIRO/ACCESS-ESM1-5/historical/r7i1p1f1/Amon/tas/gn/v20200529/
655,CMIP,ACCESS-ESM1-5,historical,r9i1p1f1,Amon,tas,gn,gs://cmip6/CMIP6/CMIP/CSIRO/ACCESS-ESM1-5/historical/r9i1p1f1/Amon/tas/gn/v20200529/
656,CMIP,ACCESS-ESM1-5,historical,r4i1p1f1,Amon,tas,gn,gs://cmip6/CMIP6/CMIP/CSIRO/ACCESS-ESM1-5/historical/r4i1p1f1/Amon/tas/gn/v20200529/
657,CMIP,ACCESS-ESM1-5,historical,r5i1p1f1,Amon,tas,gn,gs://cmip6/CMIP6/CMIP/CSIRO/ACCESS-ESM1-5/historical/r5i1p1f1/Amon/tas/gn/v20200601/
658,ScenarioMIP,UKESM1-0-LL,ssp370,r9i1p1f2,Amon,tas,gn,gs://cmip6/CMIP6/ScenarioMIP/MOHC/UKESM1-0-LL/ssp370/r9i1p1f2/Amon/tas/gn/v20200602/
659,ScenarioMIP,UKESM1-0-LL,ssp370,r10i1p1f2,Amon,tas,gn,gs://cmip6/CMIP6/ScenarioMIP/MOHC/UKESM1-0-LL/ssp370/r10i1p1f2/Amon/tas/gn/v20200603/
660,ScenarioMIP,UKESM1-0-LL,ssp370,r11i1p1f2,Amon,tas,gn,gs://cmip6/CMIP6/ScenarioMIP/MOHC/UKESM1-0-LL/ssp370/r11i1p1f2/Amon/tas/gn/v20200603/
661,ScenarioMIP,UKESM1-0-LL,ssp370,r12i1p1f2,Amon,tas,gn,gs://cmip6/CMIP6/ScenarioMIP/MOHC/UKESM1-0-LL/ssp370/r12i1p1f2/Amon/tas/gn/v20200604/
662,ScenarioMIP,UKESM1-0-LL,ssp370,r19i1p1f2,Amon,tas,gn,gs://cmip6/CMIP6/ScenarioMIP/MOHC/UKESM1-0-LL/ssp370/r19i1p1f2/Amon/tas/gn/v20200605/
663,ScenarioMIP,UKESM1-0-LL,ssp370,r17i1p1f2,Amon,tas,gn,gs://cmip6/CMIP6/ScenarioMIP/MOHC/UKESM1-0-LL/ssp370/r17i1p1f2/Amon/tas/gn/v20200605/
664,CMIP,ACCESS-ESM1-5,historical,r10i1p1f1,Amon,tas,gn,gs://cmip6/CMIP6/CMIP/CSIRO/ACCESS-ESM1-5/historical/r10i1p1f1/Amon/tas/gn/v20200605/
665,ScenarioMIP,UKESM1-0-LL,ssp370,r18i1p1f2,Amon,tas,gn,gs://cmip6/CMIP6/ScenarioMIP/MOHC/UKESM1-0-LL/ssp370/r18i1p1f2/Amon/tas/gn/v20200605/
666,ScenarioMIP,UKESM1-0-LL,ssp370,r16i1p1f2,Amon,tas,gn,gs://cmip6/CMIP6/ScenarioMIP/MOHC/UKESM1-0-LL/ssp370/r16i1p1f2/Amon/tas/gn/v20200608/
667,ScenarioMIP,MIROC6,ssp585,r50i1p1f1,Amon,tas,gn,gs://cmip6/CMIP6/ScenarioMIP/MIROC/MIROC6/ssp585/r50i1p1f1/Amon/tas/gn/v20200623/
668,ScenarioMIP,MIROC6,ssp585,r25i1p1f1,Amon,tas,gn,gs://cmip6/CMIP6/ScenarioMIP/MIROC/MIROC6/ssp585/r25i1p1f1/Amon/tas/gn/v20200623/
669,ScenarioMIP,MIROC6,ssp585,r43i1p1f1,Amon,tas,gn,gs://cmip6/CMIP6/ScenarioMIP/MIROC/MIROC6/ssp585/r43i1p1f1/Amon/tas/gn/v20200623/
670,ScenarioMIP,MIROC6,ssp585,r42i1p1f1,Amon,tas,gn,gs://cmip6/CMIP6/ScenarioMIP/MIROC/MIROC6/ssp585/r42i1p1f1/Amon/tas/gn/v20200623/
671,ScenarioMIP,MIROC6,ssp585,r24i1p1f1,Amon,tas,gn,gs://cmip6/CMIP6/ScenarioMIP/MIROC/MIROC6/ssp585/r24i1p1f1/Amon/tas/gn/v20200623/
672,ScenarioMIP,MIROC6,ssp585,r41i1p1f1,Amon,tas,gn,gs://cmip6/CMIP6/ScenarioMIP/MIROC/MIROC6/ssp585/r41i1p1f1/Amon/tas/gn/v20200623/
673,ScenarioMIP,MIROC6,ssp245,r32i1p1f1,Amon,tas,gn,gs://cmip6/CMIP6/ScenarioMIP/MIROC/MIROC6/ssp245/r32i1p1f1/Amon/tas/gn/v20200623/
674,ScenarioMIP,MIROC6,ssp585,r5i1p1f1,Amon,tas,gn,gs://cmip6/CMIP6/ScenarioMIP/MIROC/MIROC6/ssp585/r5i1p1f1/Amon/tas/gn/v20200623/
675,ScenarioMIP,MIROC6,ssp585,r6i1p1f1,Amon,tas,gn,gs://cmip6/CMIP6/ScenarioMIP/MIROC/MIROC6/ssp585/r6i1p1f1/Amon/tas/gn/v20200623/
676,ScenarioMIP,MIROC6,ssp585,r29i1p1f1,Amon,tas,gn,gs://cmip6/CMIP6/ScenarioMIP/MIROC/MIROC6/ssp585/r29i1p1f1/Amon/tas/gn/v20200623/
677,ScenarioMIP,MIROC6,ssp585,r27i1p1f1,Amon,tas,gn,gs://cmip6/CMIP6/ScenarioMIP/MIROC/MIROC6/ssp585/r27i1p1f1/Amon/tas/gn/v20200623/
678,ScenarioMIP,MIROC6,ssp585,r23i1p1f1,Amon,tas,gn,gs://cmip6/CMIP6/ScenarioMIP/MIROC/MIROC6/ssp585/r23i1p1f1/Amon/tas/gn/v20200623/
679,ScenarioMIP,MIROC6,ssp585,r7i1p1f1,Amon,tas,gn,gs://cmip6/CMIP6/ScenarioMIP/MIROC/MIROC6/ssp585/r7i1p1f1/Amon/tas/gn/v20200623/
680,ScenarioMIP,MIROC6,ssp585,r22i1p1f1,Amon,tas,gn,gs://cmip6/CMIP6/ScenarioMIP/MIROC/MIROC6/ssp585/r22i1p1f1/Amon/tas/gn/v20200623/
681,ScenarioMIP,MIROC6,ssp585,r40i1p1f1,Amon,tas,gn,gs://cmip6/CMIP6/ScenarioMIP/MIROC/MIROC6/ssp585/r40i1p1f1/Amon/tas/gn/v20200623/
682,ScenarioMIP,MIROC6,ssp245,r39i1p1f1,Amon,tas,gn,gs://cmip6/CMIP6/ScenarioMIP/MIROC/MIROC6/ssp245/r39i1p1f1/Amon/tas/gn/v20200623/
683,ScenarioMIP,MIROC6,ssp245,r38i1p1f1,Amon,tas,gn,gs://cmip6/CMIP6/ScenarioMIP/MIROC/MIROC6/ssp245/r38i1p1f1/Amon/tas/gn/v20200623/
684,ScenarioMIP,MIROC6,ssp245,r50i1p1f1,Amon,tas,gn,gs://cmip6/CMIP6/ScenarioMIP/MIROC/MIROC6/ssp245/r50i1p1f1/Amon/tas/gn/v20200623/
685,ScenarioMIP,MIROC6,ssp245,r7i1p1f1,Amon,tas,gn,gs://cmip6/CMIP6/ScenarioMIP/MIROC/MIROC6/ssp245/r7i1p1f1/Amon/tas/gn/v20200623/
686,ScenarioMIP,MIROC6,ssp245,r9i1p1f1,Amon,tas,gn,gs://cmip6/CMIP6/ScenarioMIP/MIROC/MIROC6/ssp245/r9i1p1f1/Amon/tas/gn/v20200623/
687,ScenarioMIP,MIROC6,ssp245,r40i1p1f1,Amon,tas,gn,gs://cmip6/CMIP6/ScenarioMIP/MIROC/MIROC6/ssp245/r40i1p1f1/Amon/tas/gn/v20200623/
688,ScenarioMIP,MIROC6,ssp245,r44i1p1f1,Amon,tas,gn,gs://cmip6/CMIP6/ScenarioMIP/MIROC/MIROC6/ssp245/r44i1p1f1/Amon/tas/gn/v20200623/
689,ScenarioMIP,MIROC6,ssp245,r42i1p1f1,Amon,tas,gn,gs://cmip6/CMIP6/ScenarioMIP/MIROC/MIROC6/ssp245/r42i1p1f1/Amon/tas/gn/v20200623/
690,ScenarioMIP,MIROC6,ssp245,r41i1p1f1,Amon,tas,gn,gs://cmip6/CMIP6/ScenarioMIP/MIROC/MIROC6/ssp245/r41i1p1f1/Amon/tas/gn/v20200623/
691,ScenarioMIP,MIROC6,ssp245,r43i1p1f1,Amon,tas,gn,gs://cmip6/CMIP6/ScenarioMIP/MIROC/MIROC6/ssp245/r43i1p1f1/Amon/tas/gn/v20200623/
692,ScenarioMIP,MIROC6,ssp585,r39i1p1f1,Amon,tas,gn,gs://cmip6/CMIP6/ScenarioMIP/MIROC/MIROC6/ssp585/r39i1p1f1/Amon/tas/gn/v20200623/
693,ScenarioMIP,MIROC6,ssp585,r30i1p1f1,Amon,tas,gn,gs://cmip6/CMIP6/ScenarioMIP/MIROC/MIROC6/ssp585/r30i1p1f1/Amon/tas/gn/v20200623/
694,ScenarioMIP,MIROC6,ssp585,r17i1p1f1,Amon,tas,gn,gs://cmip6/CMIP6/ScenarioMIP/MIROC/MIROC6/ssp585/r17i1p1f1/Amon/tas/gn/v20200623/
695,ScenarioMIP,MIROC6,ssp585,r18i1p1f1,Amon,tas,gn,gs://cmip6/CMIP6/ScenarioMIP/MIROC/MIROC6/ssp585/r18i1p1f1/Amon/tas/gn/v20200623/
696,ScenarioMIP,MIROC6,ssp585,r9i1p1f1,Amon,tas,gn,gs://cmip6/CMIP6/ScenarioMIP/MIROC/MIROC6/ssp585/r9i1p1f1/Amon/tas/gn/v20200623/
697,ScenarioMIP,MIROC6,ssp245,r28i1p1f1,Amon,tas,gn,gs://cmip6/CMIP6/ScenarioMIP/MIROC/MIROC6/ssp245/r28i1p1f1/Amon/tas/gn/v20200623/
698,ScenarioMIP,MIROC6,ssp585,r16i1p1f1,Amon,tas,gn,gs://cmip6/CMIP6/ScenarioMIP/MIROC/MIROC6/ssp585/r16i1p1f1/Amon/tas/gn/v20200623/
699,ScenarioMIP,MIROC6,ssp585,r19i1p1f1,Amon,tas,gn,gs://cmip6/CMIP6/ScenarioMIP/MIROC/MIROC6/ssp585/r19i1p1f1/Amon/tas/gn/v20200623/
700,ScenarioMIP,MIROC6,ssp585,r31i1p1f1,Amon,tas,gn,gs://cmip6/CMIP6/ScenarioMIP/MIROC/MIROC6/ssp585/r31i1p1f1/Amon/tas/gn/v20200623/
701,ScenarioMIP,MIROC6,ssp585,r15i1p1f1,Amon,tas,gn,gs://cmip6/CMIP6/ScenarioMIP/MIROC/MIROC6/ssp585/r15i1p1f1/Amon/tas/gn/v20200623/
702,ScenarioMIP,MIROC6,ssp585,r20i1p1f1,Amon,tas,gn,gs://cmip6/CMIP6/ScenarioMIP/MIROC/MIROC6/ssp585/r20i1p1f1/Amon/tas/gn/v20200623/
703,ScenarioMIP,MIROC6,ssp585,r21i1p1f1,Amon,tas,gn,gs://cmip6/CMIP6/ScenarioMIP/MIROC/MIROC6/ssp585/r21i1p1f1/Amon/tas/gn/v20200623/
704,ScenarioMIP,MIROC6,ssp585,r8i1p1f1,Amon,tas,gn,gs://cmip6/CMIP6/ScenarioMIP/MIROC/MIROC6/ssp585/r8i1p1f1/Amon/tas/gn/v20200623/
705,ScenarioMIP,MIROC6,ssp585,r45i1p1f1,Amon,tas,gn,gs://cmip6/CMIP6/ScenarioMIP/MIROC/MIROC6/ssp585/r45i1p1f1/Amon/tas/gn/v20200623/
706,ScenarioMIP,MIROC6,ssp585,r44i1p1f1,Amon,tas,gn,gs://cmip6/CMIP6/ScenarioMIP/MIROC/MIROC6/ssp585/r44i1p1f1/Amon/tas/gn/v20200623/
707,ScenarioMIP,MIROC6,ssp585,r28i1p1f1,Amon,tas,gn,gs://cmip6/CMIP6/ScenarioMIP/MIROC/MIROC6/ssp585/r28i1p1f1/Amon/tas/gn/v20200623/
708,ScenarioMIP,MIROC6,ssp585,r46i1p1f1,Amon,tas,gn,gs://cmip6/CMIP6/ScenarioMIP/MIROC/MIROC6/ssp585/r46i1p1f1/Amon/tas/gn/v20200623/
709,ScenarioMIP,MIROC6,ssp585,r47i1p1f1,Amon,tas,gn,gs://cmip6/CMIP6/ScenarioMIP/MIROC/MIROC6/ssp585/r47i1p1f1/Amon/tas/gn/v20200623/
710,ScenarioMIP,MIROC6,ssp585,r26i1p1f1,Amon,tas,gn,gs://cmip6/CMIP6/ScenarioMIP/MIROC/MIROC6/ssp585/r26i1p1f1/Amon/tas/gn/v20200623/
711,ScenarioMIP,MIROC6,ssp585,r49i1p1f1,Amon,tas,gn,gs://cmip6/CMIP6/ScenarioMIP/MIROC/MIROC6/ssp585/r49i1p1f1/Amon/tas/gn/v20200623/
712,ScenarioMIP,MIROC6,ssp245,r27i1p1f1,Amon,tas,gn,gs://cmip6/CMIP6/ScenarioMIP/MIROC/MIROC6/ssp245/r27i1p1f1/Amon/tas/gn/v20200623/
713,ScenarioMIP,MIROC6,ssp585,r48i1p1f1,Amon,tas,gn,gs://cmip6/CMIP6/ScenarioMIP/MIROC/MIROC6/ssp585/r48i1p1f1/Amon/tas/gn/v20200623/
714,ScenarioMIP,MIROC6,ssp585,r4i1p1f1,Amon,tas,gn,gs://cmip6/CMIP6/ScenarioMIP/MIROC/MIROC6/ssp585/r4i1p1f1/Amon/tas/gn/v20200623/
715,ScenarioMIP,MIROC6,ssp245,r22i1p1f1,Amon,tas,gn,gs://cmip6/CMIP6/ScenarioMIP/MIROC/MIROC6/ssp245/r22i1p1f1/Amon/tas/gn/v20200623/
716,ScenarioMIP,MIROC6,ssp245,r13i1p1f1,Amon,tas,gn,gs://cmip6/CMIP6/ScenarioMIP/MIROC/MIROC6/ssp245/r13i1p1f1/Amon/tas/gn/v20200623/
717,ScenarioMIP,MIROC6,ssp245,r21i1p1f1,Amon,tas,gn,gs://cmip6/CMIP6/ScenarioMIP/MIROC/MIROC6/ssp245/r21i1p1f1/Amon/tas/gn/v20200623/
718,ScenarioMIP,MIROC6,ssp245,r25i1p1f1,Amon,tas,gn,gs://cmip6/CMIP6/ScenarioMIP/MIROC/MIROC6/ssp245/r25i1p1f1/Amon/tas/gn/v20200623/
719,ScenarioMIP,MIROC6,ssp245,r24i1p1f1,Amon,tas,gn,gs://cmip6/CMIP6/ScenarioMIP/MIROC/MIROC6/ssp245/r24i1p1f1/Amon/tas/gn/v20200623/
720,ScenarioMIP,MIROC6,ssp245,r11i1p1f1,Amon,tas,gn,gs://cmip6/CMIP6/ScenarioMIP/MIROC/MIROC6/ssp245/r11i1p1f1/Amon/tas/gn/v20200623/
721,ScenarioMIP,MIROC6,ssp245,r12i1p1f1,Amon,tas,gn,gs://cmip6/CMIP6/ScenarioMIP/MIROC/MIROC6/ssp245/r12i1p1f1/Amon/tas/gn/v20200623/
722,ScenarioMIP,MIROC6,ssp245,r31i1p1f1,Amon,tas,gn,gs://cmip6/CMIP6/ScenarioMIP/MIROC/MIROC6/ssp245/r31i1p1f1/Amon/tas/gn/v20200623/
723,ScenarioMIP,MIROC6,ssp245,r30i1p1f1,Amon,tas,gn,gs://cmip6/CMIP6/ScenarioMIP/MIROC/MIROC6/ssp245/r30i1p1f1/Amon/tas/gn/v20200623/
724,ScenarioMIP,MIROC6,ssp245,r36i1p1f1,Amon,tas,gn,gs://cmip6/CMIP6/ScenarioMIP/MIROC/MIROC6/ssp245/r36i1p1f1/Amon/tas/gn/v20200623/
725,ScenarioMIP,MIROC6,ssp245,r33i1p1f1,Amon,tas,gn,gs://cmip6/CMIP6/ScenarioMIP/MIROC/MIROC6/ssp245/r33i1p1f1/Amon/tas/gn/v20200623/
726,ScenarioMIP,MIROC6,ssp585,r37i1p1f1,Amon,tas,gn,gs://cmip6/CMIP6/ScenarioMIP/MIROC/MIROC6/ssp585/r37i1p1f1/Amon/tas/gn/v20200623/
727,ScenarioMIP,MIROC6,ssp585,r36i1p1f1,Amon,tas,gn,gs://cmip6/CMIP6/ScenarioMIP/MIROC/MIROC6/ssp585/r36i1p1f1/Amon/tas/gn/v20200623/
728,ScenarioMIP,MIROC6,ssp245,r16i1p1f1,Amon,tas,gn,gs://cmip6/CMIP6/ScenarioMIP/MIROC/MIROC6/ssp245/r16i1p1f1/Amon/tas/gn/v20200623/
729,ScenarioMIP,MIROC6,ssp245,r15i1p1f1,Amon,tas,gn,gs://cmip6/CMIP6/ScenarioMIP/MIROC/MIROC6/ssp245/r15i1p1f1/Amon/tas/gn/v20200623/
730,ScenarioMIP,MIROC6,ssp245,r26i1p1f1,Amon,tas,gn,gs://cmip6/CMIP6/ScenarioMIP/MIROC/MIROC6/ssp245/r26i1p1f1/Amon/tas/gn/v20200623/
731,ScenarioMIP,MIROC6,ssp245,r20i1p1f1,Amon,tas,gn,gs://cmip6/CMIP6/ScenarioMIP/MIROC/MIROC6/ssp245/r20i1p1f1/Amon/tas/gn/v20200623/
732,ScenarioMIP,MIROC6,ssp245,r10i1p1f1,Amon,tas,gn,gs://cmip6/CMIP6/ScenarioMIP/MIROC/MIROC6/ssp245/r10i1p1f1/Amon/tas/gn/v20200623/
733,ScenarioMIP,MIROC6,ssp245,r18i1p1f1,Amon,tas,gn,gs://cmip6/CMIP6/ScenarioMIP/MIROC/MIROC6/ssp245/r18i1p1f1/Amon/tas/gn/v20200623/
734,ScenarioMIP,MIROC6,ssp245,r23i1p1f1,Amon,tas,gn,gs://cmip6/CMIP6/ScenarioMIP/MIROC/MIROC6/ssp245/r23i1p1f1/Amon/tas/gn/v20200623/
735,ScenarioMIP,MIROC6,ssp245,r14i1p1f1,Amon,tas,gn,gs://cmip6/CMIP6/ScenarioMIP/MIROC/MIROC6/ssp245/r14i1p1f1/Amon/tas/gn/v20200623/
736,ScenarioMIP,MIROC6,ssp245,r17i1p1f1,Amon,tas,gn,gs://cmip6/CMIP6/ScenarioMIP/MIROC/MIROC6/ssp245/r17i1p1f1/Amon/tas/gn/v20200623/
737,ScenarioMIP,MIROC6,ssp245,r19i1p1f1,Amon,tas,gn,gs://cmip6/CMIP6/ScenarioMIP/MIROC/MIROC6/ssp245/r19i1p1f1/Amon/tas/gn/v20200623/
738,ScenarioMIP,MIROC6,ssp245,r48i1p1f1,Amon,tas,gn,gs://cmip6/CMIP6/ScenarioMIP/MIROC/MIROC6/ssp245/r48i1p1f1/Amon/tas/gn/v20200623/
739,ScenarioMIP,MIROC6,ssp245,r47i1p1f1,Amon,tas,gn,gs://cmip6/CMIP6/ScenarioMIP/MIROC/MIROC6/ssp245/r47i1p1f1/Amon/tas/gn/v20200623/
740,ScenarioMIP,MIROC6,ssp245,r49i1p1f1,Amon,tas,gn,gs://cmip6/CMIP6/ScenarioMIP/MIROC/MIROC6/ssp245/r49i1p1f1/Amon/tas/gn/v20200623/
741,ScenarioMIP,MIROC6,ssp585,r11i1p1f1,Amon,tas,gn,gs://cmip6/CMIP6/ScenarioMIP/MIROC/MIROC6/ssp585/r11i1p1f1/Amon/tas/gn/v20200623/
742,ScenarioMIP,MIROC6,ssp585,r35i1p1f1,Amon,tas,gn,gs://cmip6/CMIP6/ScenarioMIP/MIROC/MIROC6/ssp585/r35i1p1f1/Amon/tas/gn/v20200623/
743,ScenarioMIP,MIROC6,ssp585,r12i1p1f1,Amon,tas,gn,gs://cmip6/CMIP6/ScenarioMIP/MIROC/MIROC6/ssp585/r12i1p1f1/Amon/tas/gn/v20200623/
744,ScenarioMIP,MIROC6,ssp245,r6i1p1f1,Amon,tas,gn,gs://cmip6/CMIP6/ScenarioMIP/MIROC/MIROC6/ssp245/r6i1p1f1/Amon/tas/gn/v20200623/
745,ScenarioMIP,MIROC6,ssp245,r4i1p1f1,Amon,tas,gn,gs://cmip6/CMIP6/ScenarioMIP/MIROC/MIROC6/ssp245/r4i1p1f1/Amon/tas/gn/v20200623/
746,ScenarioMIP,MIROC6,ssp245,r45i1p1f1,Amon,tas,gn,gs://cmip6/CMIP6/ScenarioMIP/MIROC/MIROC6/ssp245/r45i1p1f1/Amon/tas/gn/v20200623/
747,ScenarioMIP,MIROC6,ssp245,r5i1p1f1,Amon,tas,gn,gs://cmip6/CMIP6/ScenarioMIP/MIROC/MIROC6/ssp245/r5i1p1f1/Amon/tas/gn/v20200623/
748,ScenarioMIP,MIROC6,ssp245,r8i1p1f1,Amon,tas,gn,gs://cmip6/CMIP6/ScenarioMIP/MIROC/MIROC6/ssp245/r8i1p1f1/Amon/tas/gn/v20200623/
749,ScenarioMIP,MIROC6,ssp245,r46i1p1f1,Amon,tas,gn,gs://cmip6/CMIP6/ScenarioMIP/MIROC/MIROC6/ssp245/r46i1p1f1/Amon/tas/gn/v20200623/
750,ScenarioMIP,MIROC6,ssp245,r35i1p1f1,Amon,tas,gn,gs://cmip6/CMIP6/ScenarioMIP/MIROC/MIROC6/ssp245/r35i1p1f1/Amon/tas/gn/v20200623/
751,ScenarioMIP,MIROC6,ssp245,r37i1p1f1,Amon,tas,gn,gs://cmip6/CMIP6/ScenarioMIP/MIROC/MIROC6/ssp245/r37i1p1f1/Amon/tas/gn/v20200623/
752,ScenarioMIP,MIROC6,ssp245,r34i1p1f1,Amon,tas,gn,gs://cmip6/CMIP6/ScenarioMIP/MIROC/MIROC6/ssp245/r34i1p1f1/Amon/tas/gn/v20200623/
753,ScenarioMIP,MIROC6,ssp585,r38i1p1f1,Amon,tas,gn,gs://cmip6/CMIP6/ScenarioMIP/MIROC/MIROC6/ssp585/r38i1p1f1/Amon/tas/gn/v20200623/
754,ScenarioMIP,MIROC6,ssp585,r34i1p1f1,Amon,tas,gn,gs://cmip6/CMIP6/ScenarioMIP/MIROC/MIROC6/ssp585/r34i1p1f1/Amon/tas/gn/v20200623/
755,ScenarioMIP,MIROC6,ssp585,r10i1p1f1,Amon,tas,gn,gs://cmip6/CMIP6/ScenarioMIP/MIROC/MIROC6/ssp585/r10i1p1f1/Amon/tas/gn/v20200623/
756,ScenarioMIP,MIROC6,ssp585,r14i1p1f1,Amon,tas,gn,gs://cmip6/CMIP6/ScenarioMIP/MIROC/MIROC6/ssp585/r14i1p1f1/Amon/tas/gn/v20200623/
757,ScenarioMIP,MIROC6,ssp585,r13i1p1f1,Amon,tas,gn,gs://cmip6/CMIP6/ScenarioMIP/MIROC/MIROC6/ssp585/r13i1p1f1/Amon/tas/gn/v20200623/
758,ScenarioMIP,MIROC6,ssp245,r29i1p1f1,Amon,tas,gn,gs://cmip6/CMIP6/ScenarioMIP/MIROC/MIROC6/ssp245/r29i1p1f1/Amon/tas/gn/v20200623/
759,ScenarioMIP,MIROC6,ssp585,r33i1p1f1,Amon,tas,gn,gs://cmip6/CMIP6/ScenarioMIP/MIROC/MIROC6/ssp585/r33i1p1f1/Amon/tas/gn/v20200623/
760,ScenarioMIP,MIROC6,ssp585,r32i1p1f1,Amon,tas,gn,gs://cmip6/CMIP6/ScenarioMIP/MIROC/MIROC6/ssp585/r32i1p1f1/Amon/tas/gn/v20200623/
761,ScenarioMIP,UKESM1-0-LL,ssp126,r10i1p1f2,Amon,tas,gn,gs://cmip6/CMIP6/ScenarioMIP/MOHC/UKESM1-0-LL/ssp126/r10i1p1f2/Amon/tas/gn/v20200706/
762,ScenarioMIP,UKESM1-0-LL,ssp126,r9i1p1f2,Amon,tas,gn,gs://cmip6/CMIP6/ScenarioMIP/MOHC/UKESM1-0-LL/ssp126/r9i1p1f2/Amon/tas/gn/v20200708/
763,ScenarioMIP,UKESM1-0-LL,ssp126,r16i1p1f2,Amon,tas,gn,gs://cmip6/CMIP6/ScenarioMIP/MOHC/UKESM1-0-LL/ssp126/r16i1p1f2/Amon/tas/gn/v20200710/
764,ScenarioMIP,UKESM1-0-LL,ssp126,r17i1p1f2,Amon,tas,gn,gs://cmip6/CMIP6/ScenarioMIP/MOHC/UKESM1-0-LL/ssp126/r17i1p1f2/Amon/tas/gn/v20200710/
765,ScenarioMIP,UKESM1-0-LL,ssp126,r11i1p1f2,Amon,tas,gn,gs://cmip6/CMIP6/ScenarioMIP/MOHC/UKESM1-0-LL/ssp126/r11i1p1f2/Amon/tas/gn/v20200710/
766,ScenarioMIP,UKESM1-0-LL,ssp126,r12i1p1f2,Amon,tas,gn,gs://cmip6/CMIP6/ScenarioMIP/MOHC/UKESM1-0-LL/ssp126/r12i1p1f2/Amon/tas/gn/v20200710/
767,ScenarioMIP,UKESM1-0-LL,ssp126,r19i1p1f2,Amon,tas,gn,gs://cmip6/CMIP6/ScenarioMIP/MOHC/UKESM1-0-LL/ssp126/r19i1p1f2/Amon/tas/gn/v20200716/
768,ScenarioMIP,UKESM1-0-LL,ssp126,r18i1p1f2,Amon,tas,gn,gs://cmip6/CMIP6/ScenarioMIP/MOHC/UKESM1-0-LL/ssp126/r18i1p1f2/Amon/tas/gn/v20200716/
769,CMIP,NorCPM1,historical,r5i1p1f1,Amon,tas,gn,gs://cmip6/CMIP6/CMIP/NCC/NorCPM1/historical/r5i1p1f1/Amon/tas/gn/v20200724/
770,CMIP,NorCPM1,historical,r3i1p1f1,Amon,tas,gn,gs://cmip6/CMIP6/CMIP/NCC/NorCPM1/historical/r3i1p1f1/Amon/tas/gn/v20200724/
771,CMIP,NorCPM1,historical,r21i1p1f1,Amon,tas,gn,gs://cmip6/CMIP6/CMIP/NCC/NorCPM1/historical/r21i1p1f1/Amon/tas/gn/v20200724/
772,CMIP,NorCPM1,historical,r6i1p1f1,Amon,tas,gn,gs://cmip6/CMIP6/CMIP/NCC/NorCPM1/historical/r6i1p1f1/Amon/tas/gn/v20200724/
773,CMIP,NorCPM1,historical,r9i1p1f1,Amon,tas,gn,gs://cmip6/CMIP6/CMIP/NCC/NorCPM1/historical/r9i1p1f1/Amon/tas/gn/v20200724/
774,CMIP,NorCPM1,historical,r4i1p1f1,Amon,tas,gn,gs://cmip6/CMIP6/CMIP/NCC/NorCPM1/historical/r4i1p1f1/Amon/tas/gn/v20200724/
775,CMIP,NorCPM1,historical,r20i1p1f1,Amon,tas,gn,gs://cmip6/CMIP6/CMIP/NCC/NorCPM1/historical/r20i1p1f1/Amon/tas/gn/v20200724/
776,CMIP,NorCPM1,historical,r28i1p1f1,Amon,tas,gn,gs://cmip6/CMIP6/CMIP/NCC/NorCPM1/historical/r28i1p1f1/Amon/tas/gn/v20200724/
777,CMIP,NorCPM1,historical,r12i1p1f1,Amon,tas,gn,gs://cmip6/CMIP6/CMIP/NCC/NorCPM1/historical/r12i1p1f1/Amon/tas/gn/v20200724/
778,CMIP,NorCPM1,historical,r11i1p1f1,Amon,tas,gn,gs://cmip6/CMIP6/CMIP/NCC/NorCPM1/historical/r11i1p1f1/Amon/tas/gn/v20200724/
779,CMIP,NorCPM1,historical,r22i1p1f1,Amon,tas,gn,gs://cmip6/CMIP6/CMIP/NCC/NorCPM1/historical/r22i1p1f1/Amon/tas/gn/v20200724/
780,CMIP,NorCPM1,historical,r19i1p1f1,Amon,tas,gn,gs://cmip6/CMIP6/CMIP/NCC/NorCPM1/historical/r19i1p1f1/Amon/tas/gn/v20200724/
781,CMIP,NorCPM1,historical,r13i1p1f1,Amon,tas,gn,gs://cmip6/CMIP6/CMIP/NCC/NorCPM1/historical/r13i1p1f1/Amon/tas/gn/v20200724/
782,CMIP,NorCPM1,historical,r14i1p1f1,Amon,tas,gn,gs://cmip6/CMIP6/CMIP/NCC/NorCPM1/historical/r14i1p1f1/Amon/tas/gn/v20200724/
783,CMIP,NorCPM1,historical,r15i1p1f1,Amon,tas,gn,gs://cmip6/CMIP6/CMIP/NCC/NorCPM1/historical/r15i1p1f1/Amon/tas/gn/v20200724/
784,CMIP,NorCPM1,historical,r17i1p1f1,Amon,tas,gn,gs://cmip6/CMIP6/CMIP/NCC/NorCPM1/historical/r17i1p1f1/Amon/tas/gn/v20200724/
785,CMIP,NorCPM1,historical,r16i1p1f1,Amon,tas,gn,gs://cmip6/CMIP6/CMIP/NCC/NorCPM1/historical/r16i1p1f1/Amon/tas/gn/v20200724/
786,CMIP,NorCPM1,historical,r18i1p1f1,Amon,tas,gn,gs://cmip6/CMIP6/CMIP/NCC/NorCPM1/historical/r18i1p1f1/Amon/tas/gn/v20200724/
787,CMIP,NorCPM1,historical,r26i1p1f1,Amon,tas,gn,gs://cmip6/CMIP6/CMIP/NCC/NorCPM1/historical/r26i1p1f1/Amon/tas/gn/v20200724/
788,CMIP,NorCPM1,historical,r30i1p1f1,Amon,tas,gn,gs://cmip6/CMIP6/CMIP/NCC/NorCPM1/historical/r30i1p1f1/Amon/tas/gn/v20200724/
789,CMIP,NorCPM1,historical,r24i1p1f1,Amon,tas,gn,gs://cmip6/CMIP6/CMIP/NCC/NorCPM1/historical/r24i1p1f1/Amon/tas/gn/v20200724/
790,CMIP,NorCPM1,historical,r23i1p1f1,Amon,tas,gn,gs://cmip6/CMIP6/CMIP/NCC/NorCPM1/historical/r23i1p1f1/Amon/tas/gn/v20200724/
791,CMIP,NorCPM1,historical,r29i1p1f1,Amon,tas,gn,gs://cmip6/CMIP6/CMIP/NCC/NorCPM1/historical/r29i1p1f1/Amon/tas/gn/v20200724/
792,CMIP,NorCPM1,historical,r27i1p1f1,Amon,tas,gn,gs://cmip6/CMIP6/CMIP/NCC/NorCPM1/historical/r27i1p1f1/Amon/tas/gn/v20200724/
793,CMIP,NorCPM1,historical,r7i1p1f1,Amon,tas,gn,gs://cmip6/CMIP6/CMIP/NCC/NorCPM1/historical/r7i1p1f1/Amon/tas/gn/v20200724/
794,CMIP,NorCPM1,historical,r25i1p1f1,Amon,tas,gn,gs://cmip6/CMIP6/CMIP/NCC/NorCPM1/historical/r25i1p1f1/Amon/tas/gn/v20200724/
795,CMIP,NorCPM1,historical,r8i1p1f1,Amon,tas,gn,gs://cmip6/CMIP6/CMIP/NCC/NorCPM1/historical/r8i1p1f1/Amon/tas/gn/v20200724/
796,CMIP,ACCESS-ESM1-5,historical,r12i1p1f1,Amon,tas,gn,gs://cmip6/CMIP6/CMIP/CSIRO/ACCESS-ESM1-5/historical/r12i1p1f1/Amon/tas/gn/v20200803/
797,CMIP,ACCESS-ESM1-5,historical,r18i1p1f1,Amon,tas,gn,gs://cmip6/CMIP6/CMIP/CSIRO/ACCESS-ESM1-5/historical/r18i1p1f1/Amon/tas/gn/v20200803/
798,CMIP,ACCESS-ESM1-5,historical,r14i1p1f1,Amon,tas,gn,gs://cmip6/CMIP6/CMIP/CSIRO/ACCESS-ESM1-5/historical/r14i1p1f1/Amon/tas/gn/v20200803/
799,CMIP,ACCESS-ESM1-5,historical,r17i1p1f1,Amon,tas,gn,gs://cmip6/CMIP6/CMIP/CSIRO/ACCESS-ESM1-5/historical/r17i1p1f1/Amon/tas/gn/v20200803/
800,CMIP,ACCESS-ESM1-5,historical,r11i1p1f1,Amon,tas,gn,gs://cmip6/CMIP6/CMIP/CSIRO/ACCESS-ESM1-5/historical/r11i1p1f1/Amon/tas/gn/v20200803/
801,CMIP,ACCESS-ESM1-5,historical,r15i1p1f1,Amon,tas,gn,gs://cmip6/CMIP6/CMIP/CSIRO/ACCESS-ESM1-5/historical/r15i1p1f1/Amon/tas/gn/v20200803/
802,CMIP,ACCESS-ESM1-5,historical,r16i1p1f1,Amon,tas,gn,gs://cmip6/CMIP6/CMIP/CSIRO/ACCESS-ESM1-5/historical/r16i1p1f1/Amon/tas/gn/v20200803/
803,CMIP,ACCESS-ESM1-5,historical,r13i1p1f1,Amon,tas,gn,gs://cmip6/CMIP6/CMIP/CSIRO/ACCESS-ESM1-5/historical/r13i1p1f1/Amon/tas/gn/v20200803/
804,CMIP,ACCESS-ESM1-5,historical,r19i1p1f1,Amon,tas,gn,gs://cmip6/CMIP6/CMIP/CSIRO/ACCESS-ESM1-5/historical/r19i1p1f1/Amon/tas/gn/v20200803/
805,CMIP,ACCESS-ESM1-5,historical,r20i1p1f1,Amon,tas,gn,gs://cmip6/CMIP6/CMIP/CSIRO/ACCESS-ESM1-5/historical/r20i1p1f1/Amon/tas/gn/v20200803/
806,CMIP,UKESM1-0-LL,historical,r14i1p1f2,Amon,tas,gn,gs://cmip6/CMIP6/CMIP/NIMS-KMA/UKESM1-0-LL/historical/r14i1p1f2/Amon/tas/gn/v20200805/
807,ScenarioMIP,ACCESS-ESM1-5,ssp245,r6i1p1f1,Amon,tas,gn,gs://cmip6/CMIP6/ScenarioMIP/CSIRO/ACCESS-ESM1-5/ssp245/r6i1p1f1/Amon/tas/gn/v20200810/
808,ScenarioMIP,ACCESS-ESM1-5,ssp245,r9i1p1f1,Amon,tas,gn,gs://cmip6/CMIP6/ScenarioMIP/CSIRO/ACCESS-ESM1-5/ssp245/r9i1p1f1/Amon/tas/gn/v20200810/
809,ScenarioMIP,ACCESS-ESM1-5,ssp245,r10i1p1f1,Amon,tas,gn,gs://cmip6/CMIP6/ScenarioMIP/CSIRO/ACCESS-ESM1-5/ssp245/r10i1p1f1/Amon/tas/gn/v20200810/
810,ScenarioMIP,ACCESS-ESM1-5,ssp245,r8i1p1f1,Amon,tas,gn,gs://cmip6/CMIP6/ScenarioMIP/CSIRO/ACCESS-ESM1-5/ssp245/r8i1p1f1/Amon/tas/gn/v20200810/
811,ScenarioMIP,ACCESS-ESM1-5,ssp245,r5i1p1f1,Amon,tas,gn,gs://cmip6/CMIP6/ScenarioMIP/CSIRO/ACCESS-ESM1-5/ssp245/r5i1p1f1/Amon/tas/gn/v20200810/
812,ScenarioMIP,ACCESS-ESM1-5,ssp245,r4i1p1f1,Amon,tas,gn,gs://cmip6/CMIP6/ScenarioMIP/CSIRO/ACCESS-ESM1-5/ssp245/r4i1p1f1/Amon/tas/gn/v20200810/
813,ScenarioMIP,ACCESS-ESM1-5,ssp245,r7i1p1f1,Amon,tas,gn,gs://cmip6/CMIP6/ScenarioMIP/CSIRO/ACCESS-ESM1-5/ssp245/r7i1p1f1/Amon/tas/gn/v20200810/
814,ScenarioMIP,MIROC6,ssp126,r11i1p1f1,Amon,tas,gn,gs://cmip6/CMIP6/ScenarioMIP/MIROC/MIROC6/ssp126/r11i1p1f1/Amon/tas/gn/v20200817/
815,ScenarioMIP,MIROC6,ssp126,r6i1p1f1,Amon,tas,gn,gs://cmip6/CMIP6/ScenarioMIP/MIROC/MIROC6/ssp126/r6i1p1f1/Amon/tas/gn/v20200817/
816,ScenarioMIP,MIROC6,ssp126,r22i1p1f1,Amon,tas,gn,gs://cmip6/CMIP6/ScenarioMIP/MIROC/MIROC6/ssp126/r22i1p1f1/Amon/tas/gn/v20200817/
817,ScenarioMIP,MIROC6,ssp126,r23i1p1f1,Amon,tas,gn,gs://cmip6/CMIP6/ScenarioMIP/MIROC/MIROC6/ssp126/r23i1p1f1/Amon/tas/gn/v20200817/
818,ScenarioMIP,MIROC6,ssp126,r42i1p1f1,Amon,tas,gn,gs://cmip6/CMIP6/ScenarioMIP/MIROC/MIROC6/ssp126/r42i1p1f1/Amon/tas/gn/v20200817/
819,ScenarioMIP,MIROC6,ssp126,r10i1p1f1,Amon,tas,gn,gs://cmip6/CMIP6/ScenarioMIP/MIROC/MIROC6/ssp126/r10i1p1f1/Amon/tas/gn/v20200817/
820,ScenarioMIP,MIROC6,ssp126,r43i1p1f1,Amon,tas,gn,gs://cmip6/CMIP6/ScenarioMIP/MIROC/MIROC6/ssp126/r43i1p1f1/Amon/tas/gn/v20200817/
821,ScenarioMIP,MIROC6,ssp126,r14i1p1f1,Amon,tas,gn,gs://cmip6/CMIP6/ScenarioMIP/MIROC/MIROC6/ssp126/r14i1p1f1/Amon/tas/gn/v20200817/
822,ScenarioMIP,MIROC6,ssp126,r48i1p1f1,Amon,tas,gn,gs://cmip6/CMIP6/ScenarioMIP/MIROC/MIROC6/ssp126/r48i1p1f1/Amon/tas/gn/v20200817/
823,ScenarioMIP,MIROC6,ssp126,r8i1p1f1,Amon,tas,gn,gs://cmip6/CMIP6/ScenarioMIP/MIROC/MIROC6/ssp126/r8i1p1f1/Amon/tas/gn/v20200817/
824,ScenarioMIP,MIROC6,ssp126,r7i1p1f1,Amon,tas,gn,gs://cmip6/CMIP6/ScenarioMIP/MIROC/MIROC6/ssp126/r7i1p1f1/Amon/tas/gn/v20200817/
825,ScenarioMIP,MIROC6,ssp126,r47i1p1f1,Amon,tas,gn,gs://cmip6/CMIP6/ScenarioMIP/MIROC/MIROC6/ssp126/r47i1p1f1/Amon/tas/gn/v20200817/
826,ScenarioMIP,MIROC6,ssp126,r5i1p1f1,Amon,tas,gn,gs://cmip6/CMIP6/ScenarioMIP/MIROC/MIROC6/ssp126/r5i1p1f1/Amon/tas/gn/v20200817/
827,ScenarioMIP,MIROC6,ssp126,r50i1p1f1,Amon,tas,gn,gs://cmip6/CMIP6/ScenarioMIP/MIROC/MIROC6/ssp126/r50i1p1f1/Amon/tas/gn/v20200817/
828,ScenarioMIP,MIROC6,ssp126,r40i1p1f1,Amon,tas,gn,gs://cmip6/CMIP6/ScenarioMIP/MIROC/MIROC6/ssp126/r40i1p1f1/Amon/tas/gn/v20200817/
829,ScenarioMIP,MIROC6,ssp126,r44i1p1f1,Amon,tas,gn,gs://cmip6/CMIP6/ScenarioMIP/MIROC/MIROC6/ssp126/r44i1p1f1/Amon/tas/gn/v20200817/
830,ScenarioMIP,MIROC6,ssp126,r30i1p1f1,Amon,tas,gn,gs://cmip6/CMIP6/ScenarioMIP/MIROC/MIROC6/ssp126/r30i1p1f1/Amon/tas/gn/v20200817/
831,ScenarioMIP,MIROC6,ssp126,r29i1p1f1,Amon,tas,gn,gs://cmip6/CMIP6/ScenarioMIP/MIROC/MIROC6/ssp126/r29i1p1f1/Amon/tas/gn/v20200817/
832,ScenarioMIP,MIROC6,ssp126,r13i1p1f1,Amon,tas,gn,gs://cmip6/CMIP6/ScenarioMIP/MIROC/MIROC6/ssp126/r13i1p1f1/Amon/tas/gn/v20200817/
833,ScenarioMIP,MIROC6,ssp126,r25i1p1f1,Amon,tas,gn,gs://cmip6/CMIP6/ScenarioMIP/MIROC/MIROC6/ssp126/r25i1p1f1/Amon/tas/gn/v20200817/
834,ScenarioMIP,MIROC6,ssp126,r26i1p1f1,Amon,tas,gn,gs://cmip6/CMIP6/ScenarioMIP/MIROC/MIROC6/ssp126/r26i1p1f1/Amon/tas/gn/v20200817/
835,ScenarioMIP,MIROC6,ssp126,r24i1p1f1,Amon,tas,gn,gs://cmip6/CMIP6/ScenarioMIP/MIROC/MIROC6/ssp126/r24i1p1f1/Amon/tas/gn/v20200817/
836,ScenarioMIP,MIROC6,ssp126,r21i1p1f1,Amon,tas,gn,gs://cmip6/CMIP6/ScenarioMIP/MIROC/MIROC6/ssp126/r21i1p1f1/Amon/tas/gn/v20200817/
837,ScenarioMIP,MIROC6,ssp126,r15i1p1f1,Amon,tas,gn,gs://cmip6/CMIP6/ScenarioMIP/MIROC/MIROC6/ssp126/r15i1p1f1/Amon/tas/gn/v20200817/
838,ScenarioMIP,MIROC6,ssp126,r12i1p1f1,Amon,tas,gn,gs://cmip6/CMIP6/ScenarioMIP/MIROC/MIROC6/ssp126/r12i1p1f1/Amon/tas/gn/v20200817/
839,ScenarioMIP,MIROC6,ssp126,r41i1p1f1,Amon,tas,gn,gs://cmip6/CMIP6/ScenarioMIP/MIROC/MIROC6/ssp126/r41i1p1f1/Amon/tas/gn/v20200817/
840,ScenarioMIP,MIROC6,ssp126,r20i1p1f1,Amon,tas,gn,gs://cmip6/CMIP6/ScenarioMIP/MIROC/MIROC6/ssp126/r20i1p1f1/Amon/tas/gn/v20200817/
841,ScenarioMIP,MIROC6,ssp126,r28i1p1f1,Amon,tas,gn,gs://cmip6/CMIP6/ScenarioMIP/MIROC/MIROC6/ssp126/r28i1p1f1/Amon/tas/gn/v20200817/
842,ScenarioMIP,MIROC6,ssp126,r27i1p1f1,Amon,tas,gn,gs://cmip6/CMIP6/ScenarioMIP/MIROC/MIROC6/ssp126/r27i1p1f1/Amon/tas/gn/v20200817/
843,ScenarioMIP,MIROC6,ssp126,r9i1p1f1,Amon,tas,gn,gs://cmip6/CMIP6/ScenarioMIP/MIROC/MIROC6/ssp126/r9i1p1f1/Amon/tas/gn/v20200817/
844,ScenarioMIP,MIROC6,ssp126,r16i1p1f1,Amon,tas,gn,gs://cmip6/CMIP6/ScenarioMIP/MIROC/MIROC6/ssp126/r16i1p1f1/Amon/tas/gn/v20200817/
845,ScenarioMIP,MIROC6,ssp126,r45i1p1f1,Amon,tas,gn,gs://cmip6/CMIP6/ScenarioMIP/MIROC/MIROC6/ssp126/r45i1p1f1/Amon/tas/gn/v20200817/
846,ScenarioMIP,MIROC6,ssp126,r19i1p1f1,Amon,tas,gn,gs://cmip6/CMIP6/ScenarioMIP/MIROC/MIROC6/ssp126/r19i1p1f1/Amon/tas/gn/v20200817/
847,ScenarioMIP,MIROC6,ssp126,r17i1p1f1,Amon,tas,gn,gs://cmip6/CMIP6/ScenarioMIP/MIROC/MIROC6/ssp126/r17i1p1f1/Amon/tas/gn/v20200817/
848,ScenarioMIP,MIROC6,ssp126,r18i1p1f1,Amon,tas,gn,gs://cmip6/CMIP6/ScenarioMIP/MIROC/MIROC6/ssp126/r18i1p1f1/Amon/tas/gn/v20200817/
849,ScenarioMIP,MIROC6,ssp126,r34i1p1f1,Amon,tas,gn,gs://cmip6/CMIP6/ScenarioMIP/MIROC/MIROC6/ssp126/r34i1p1f1/Amon/tas/gn/v20200817/
850,ScenarioMIP,MIROC6,ssp126,r33i1p1f1,Amon,tas,gn,gs://cmip6/CMIP6/ScenarioMIP/MIROC/MIROC6/ssp126/r33i1p1f1/Amon/tas/gn/v20200817/
851,ScenarioMIP,MIROC6,ssp126,r35i1p1f1,Amon,tas,gn,gs://cmip6/CMIP6/ScenarioMIP/MIROC/MIROC6/ssp126/r35i1p1f1/Amon/tas/gn/v20200817/
852,ScenarioMIP,MIROC6,ssp126,r4i1p1f1,Amon,tas,gn,gs://cmip6/CMIP6/ScenarioMIP/MIROC/MIROC6/ssp126/r4i1p1f1/Amon/tas/gn/v20200817/
853,ScenarioMIP,MIROC6,ssp126,r49i1p1f1,Amon,tas,gn,gs://cmip6/CMIP6/ScenarioMIP/MIROC/MIROC6/ssp126/r49i1p1f1/Amon/tas/gn/v20200817/
854,ScenarioMIP,MIROC6,ssp126,r39i1p1f1,Amon,tas,gn,gs://cmip6/CMIP6/ScenarioMIP/MIROC/MIROC6/ssp126/r39i1p1f1/Amon/tas/gn/v20200817/
855,ScenarioMIP,MIROC6,ssp126,r37i1p1f1,Amon,tas,gn,gs://cmip6/CMIP6/ScenarioMIP/MIROC/MIROC6/ssp126/r37i1p1f1/Amon/tas/gn/v20200817/
856,ScenarioMIP,MIROC6,ssp126,r46i1p1f1,Amon,tas,gn,gs://cmip6/CMIP6/ScenarioMIP/MIROC/MIROC6/ssp126/r46i1p1f1/Amon/tas/gn/v20200817/
857,ScenarioMIP,MIROC6,ssp126,r36i1p1f1,Amon,tas,gn,gs://cmip6/CMIP6/ScenarioMIP/MIROC/MIROC6/ssp126/r36i1p1f1/Amon/tas/gn/v20200817/
858,ScenarioMIP,MIROC6,ssp126,r31i1p1f1,Amon,tas,gn,gs://cmip6/CMIP6/ScenarioMIP/MIROC/MIROC6/ssp126/r31i1p1f1/Amon/tas/gn/v20200817/
859,ScenarioMIP,MIROC6,ssp126,r32i1p1f1,Amon,tas,gn,gs://cmip6/CMIP6/ScenarioMIP/MIROC/MIROC6/ssp126/r32i1p1f1/Amon/tas/gn/v20200817/
860,ScenarioMIP,MIROC6,ssp126,r38i1p1f1,Amon,tas,gn,gs://cmip6/CMIP6/ScenarioMIP/MIROC/MIROC6/ssp126/r38i1p1f1/Amon/tas/gn/v20200817/
861,ScenarioMIP,UKESM1-0-LL,ssp245,r13i1p1f2,Amon,tas,gn,gs://cmip6/CMIP6/ScenarioMIP/NIMS-KMA/UKESM1-0-LL/ssp245/r13i1p1f2/Amon/tas/gn/v20200818/
862,ScenarioMIP,ACCESS-ESM1-5,ssp585,r10i1p1f1,Amon,tas,gn,gs://cmip6/CMIP6/ScenarioMIP/CSIRO/ACCESS-ESM1-5/ssp585/r10i1p1f1/Amon/tas/gn/v20200908/
863,ScenarioMIP,ACCESS-ESM1-5,ssp370,r7i1p1f1,Amon,tas,gn,gs://cmip6/CMIP6/ScenarioMIP/CSIRO/ACCESS-ESM1-5/ssp370/r7i1p1f1/Amon/tas/gn/v20200908/
864,ScenarioMIP,ACCESS-ESM1-5,ssp370,r9i1p1f1,Amon,tas,gn,gs://cmip6/CMIP6/ScenarioMIP/CSIRO/ACCESS-ESM1-5/ssp370/r9i1p1f1/Amon/tas/gn/v20200908/
865,ScenarioMIP,ACCESS-ESM1-5,ssp585,r7i1p1f1,Amon,tas,gn,gs://cmip6/CMIP6/ScenarioMIP/CSIRO/ACCESS-ESM1-5/ssp585/r7i1p1f1/Amon/tas/gn/v20200908/
866,ScenarioMIP,ACCESS-ESM1-5,ssp370,r6i1p1f1,Amon,tas,gn,gs://cmip6/CMIP6/ScenarioMIP/CSIRO/ACCESS-ESM1-5/ssp370/r6i1p1f1/Amon/tas/gn/v20200908/
867,ScenarioMIP,ACCESS-ESM1-5,ssp370,r8i1p1f1,Amon,tas,gn,gs://cmip6/CMIP6/ScenarioMIP/CSIRO/ACCESS-ESM1-5/ssp370/r8i1p1f1/Amon/tas/gn/v20200908/
868,ScenarioMIP,ACCESS-ESM1-5,ssp370,r10i1p1f1,Amon,tas,gn,gs://cmip6/CMIP6/ScenarioMIP/CSIRO/ACCESS-ESM1-5/ssp370/r10i1p1f1/Amon/tas/gn/v20200908/
869,ScenarioMIP,ACCESS-ESM1-5,ssp370,r4i1p1f1,Amon,tas,gn,gs://cmip6/CMIP6/ScenarioMIP/CSIRO/ACCESS-ESM1-5/ssp370/r4i1p1f1/Amon/tas/gn/v20200908/
870,ScenarioMIP,ACCESS-ESM1-5,ssp370,r5i1p1f1,Amon,tas,gn,gs://cmip6/CMIP6/ScenarioMIP/CSIRO/ACCESS-ESM1-5/ssp370/r5i1p1f1/Amon/tas/gn/v20200908/
871,ScenarioMIP,ACCESS-ESM1-5,ssp126,r5i1p1f1,Amon,tas,gn,gs://cmip6/CMIP6/ScenarioMIP/CSIRO/ACCESS-ESM1-5/ssp126/r5i1p1f1/Amon/tas/gn/v20200908/
872,ScenarioMIP,ACCESS-ESM1-5,ssp126,r4i1p1f1,Amon,tas,gn,gs://cmip6/CMIP6/ScenarioMIP/CSIRO/ACCESS-ESM1-5/ssp126/r4i1p1f1/Amon/tas/gn/v20200908/
873,ScenarioMIP,ACCESS-ESM1-5,ssp585,r9i1p1f1,Amon,tas,gn,gs://cmip6/CMIP6/ScenarioMIP/CSIRO/ACCESS-ESM1-5/ssp585/r9i1p1f1/Amon/tas/gn/v20200908/
874,ScenarioMIP,ACCESS-ESM1-5,ssp126,r9i1p1f1,Amon,tas,gn,gs://cmip6/CMIP6/ScenarioMIP/CSIRO/ACCESS-ESM1-5/ssp126/r9i1p1f1/Amon/tas/gn/v20200908/
875,ScenarioMIP,ACCESS-ESM1-5,ssp585,r6i1p1f1,Amon,tas,gn,gs://cmip6/CMIP6/ScenarioMIP/CSIRO/ACCESS-ESM1-5/ssp585/r6i1p1f1/Amon/tas/gn/v20200908/
876,ScenarioMIP,ACCESS-ESM1-5,ssp585,r8i1p1f1,Amon,tas,gn,gs://cmip6/CMIP6/ScenarioMIP/CSIRO/ACCESS-ESM1-5/ssp585/r8i1p1f1/Amon/tas/gn/v20200908/
877,ScenarioMIP,ACCESS-ESM1-5,ssp585,r4i1p1f1,Amon,tas,gn,gs://cmip6/CMIP6/ScenarioMIP/CSIRO/ACCESS-ESM1-5/ssp585/r4i1p1f1/Amon/tas/gn/v20200908/
878,ScenarioMIP,ACCESS-ESM1-5,ssp585,r5i1p1f1,Amon,tas,gn,gs://cmip6/CMIP6/ScenarioMIP/CSIRO/ACCESS-ESM1-5/ssp585/r5i1p1f1/Amon/tas/gn/v20200908/
879,ScenarioMIP,ACCESS-ESM1-5,ssp126,r7i1p1f1,Amon,tas,gn,gs://cmip6/CMIP6/ScenarioMIP/CSIRO/ACCESS-ESM1-5/ssp126/r7i1p1f1/Amon/tas/gn/v20200908/
880,ScenarioMIP,ACCESS-ESM1-5,ssp126,r10i1p1f1,Amon,tas,gn,gs://cmip6/CMIP6/ScenarioMIP/CSIRO/ACCESS-ESM1-5/ssp126/r10i1p1f1/Amon/tas/gn/v20200908/
881,ScenarioMIP,ACCESS-ESM1-5,ssp126,r8i1p1f1,Amon,tas,gn,gs://cmip6/CMIP6/ScenarioMIP/CSIRO/ACCESS-ESM1-5/ssp126/r8i1p1f1/Amon/tas/gn/v20200908/
882,ScenarioMIP,ACCESS-ESM1-5,ssp126,r6i1p1f1,Amon,tas,gn,gs://cmip6/CMIP6/ScenarioMIP/CSIRO/ACCESS-ESM1-5/ssp126/r6i1p1f1/Amon/tas/gn/v20200908/
883,ScenarioMIP,ACCESS-ESM1-5,ssp245,r27i1p1f1,Amon,tas,gn,gs://cmip6/CMIP6/ScenarioMIP/CSIRO/ACCESS-ESM1-5/ssp245/r27i1p1f1/Amon/tas/gn/v20200922/
884,ScenarioMIP,ACCESS-ESM1-5,ssp245,r26i1p1f1,Amon,tas,gn,gs://cmip6/CMIP6/ScenarioMIP/CSIRO/ACCESS-ESM1-5/ssp245/r26i1p1f1/Amon/tas/gn/v20200922/
885,ScenarioMIP,ACCESS-ESM1-5,ssp245,r11i1p1f1,Amon,tas,gn,gs://cmip6/CMIP6/ScenarioMIP/CSIRO/ACCESS-ESM1-5/ssp245/r11i1p1f1/Amon/tas/gn/v20200922/
886,ScenarioMIP,ACCESS-ESM1-5,ssp245,r19i1p1f1,Amon,tas,gn,gs://cmip6/CMIP6/ScenarioMIP/CSIRO/ACCESS-ESM1-5/ssp245/r19i1p1f1/Amon/tas/gn/v20200922/
887,ScenarioMIP,ACCESS-ESM1-5,ssp245,r21i1p1f1,Amon,tas,gn,gs://cmip6/CMIP6/ScenarioMIP/CSIRO/ACCESS-ESM1-5/ssp245/r21i1p1f1/Amon/tas/gn/v20200922/
888,ScenarioMIP,ACCESS-ESM1-5,ssp245,r29i1p1f1,Amon,tas,gn,gs://cmip6/CMIP6/ScenarioMIP/CSIRO/ACCESS-ESM1-5/ssp245/r29i1p1f1/Amon/tas/gn/v20200922/
889,ScenarioMIP,ACCESS-ESM1-5,ssp245,r25i1p1f1,Amon,tas,gn,gs://cmip6/CMIP6/ScenarioMIP/CSIRO/ACCESS-ESM1-5/ssp245/r25i1p1f1/Amon/tas/gn/v20200922/
890,ScenarioMIP,ACCESS-ESM1-5,ssp245,r24i1p1f1,Amon,tas,gn,gs://cmip6/CMIP6/ScenarioMIP/CSIRO/ACCESS-ESM1-5/ssp245/r24i1p1f1/Amon/tas/gn/v20200922/
891,ScenarioMIP,ACCESS-ESM1-5,ssp245,r28i1p1f1,Amon,tas,gn,gs://cmip6/CMIP6/ScenarioMIP/CSIRO/ACCESS-ESM1-5/ssp245/r28i1p1f1/Amon/tas/gn/v20200922/
892,ScenarioMIP,UKESM1-0-LL,ssp126,r6i1p1f2,Amon,tas,gn,gs://cmip6/CMIP6/ScenarioMIP/MOHC/UKESM1-0-LL/ssp126/r6i1p1f2/Amon/tas/gn/v20201009/
893,ScenarioMIP,UKESM1-0-LL,ssp370,r5i1p1f2,Amon,tas,gn,gs://cmip6/CMIP6/ScenarioMIP/MOHC/UKESM1-0-LL/ssp370/r5i1p1f2/Amon/tas/gn/v20201009/
894,ScenarioMIP,UKESM1-0-LL,ssp370,r7i1p1f2,Amon,tas,gn,gs://cmip6/CMIP6/ScenarioMIP/MOHC/UKESM1-0-LL/ssp370/r7i1p1f2/Amon/tas/gn/v20201009/
895,ScenarioMIP,UKESM1-0-LL,ssp370,r6i1p1f2,Amon,tas,gn,gs://cmip6/CMIP6/ScenarioMIP/MOHC/UKESM1-0-LL/ssp370/r6i1p1f2/Amon/tas/gn/v20201014/
896,ScenarioMIP,UKESM1-0-LL,ssp126,r7i1p1f2,Amon,tas,gn,gs://cmip6/CMIP6/ScenarioMIP/MOHC/UKESM1-0-LL/ssp126/r7i1p1f2/Amon/tas/gn/v20201015/
897,ScenarioMIP,UKESM1-0-LL,ssp126,r5i1p1f2,Amon,tas,gn,gs://cmip6/CMIP6/ScenarioMIP/MOHC/UKESM1-0-LL/ssp126/r5i1p1f2/Amon/tas/gn/v20201015/
898,ScenarioMIP,UKESM1-0-LL,ssp245,r16i1p1f2,Amon,tas,gn,gs://cmip6/CMIP6/ScenarioMIP/MOHC/UKESM1-0-LL/ssp245/r16i1p1f2/Amon/tas/gn/v20201022/
899,ScenarioMIP,UKESM1-0-LL,ssp245,r6i1p1f2,Amon,tas,gn,gs://cmip6/CMIP6/ScenarioMIP/MOHC/UKESM1-0-LL/ssp245/r6i1p1f2/Amon/tas/gn/v20201029/
900,ScenarioMIP,UKESM1-0-LL,ssp245,r7i1p1f2,Amon,tas,gn,gs://cmip6/CMIP6/ScenarioMIP/MOHC/UKESM1-0-LL/ssp245/r7i1p1f2/Amon/tas/gn/v20201102/
901,ScenarioMIP,UKESM1-0-LL,ssp245,r9i1p1f2,Amon,tas,gn,gs://cmip6/CMIP6/ScenarioMIP/MOHC/UKESM1-0-LL/ssp245/r9i1p1f2/Amon/tas/gn/v20201103/
902,ScenarioMIP,UKESM1-0-LL,ssp245,r10i1p1f2,Amon,tas,gn,gs://cmip6/CMIP6/ScenarioMIP/MOHC/UKESM1-0-LL/ssp245/r10i1p1f2/Amon/tas/gn/v20201104/
903,ScenarioMIP,UKESM1-0-LL,ssp245,r11i1p1f2,Amon,tas,gn,gs://cmip6/CMIP6/ScenarioMIP/MOHC/UKESM1-0-LL/ssp245/r11i1p1f2/Amon/tas/gn/v20201104/
904,ScenarioMIP,UKESM1-0-LL,ssp245,r18i1p1f2,Amon,tas,gn,gs://cmip6/CMIP6/ScenarioMIP/MOHC/UKESM1-0-LL/ssp245/r18i1p1f2/Amon/tas/gn/v20201105/
905,ScenarioMIP,UKESM1-0-LL,ssp245,r17i1p1f2,Amon,tas,gn,gs://cmip6/CMIP6/ScenarioMIP/MOHC/UKESM1-0-LL/ssp245/r17i1p1f2/Amon/tas/gn/v20201112/
906,ScenarioMIP,UKESM1-0-LL,ssp245,r5i1p1f2,Amon,tas,gn,gs://cmip6/CMIP6/ScenarioMIP/MOHC/UKESM1-0-LL/ssp245/r5i1p1f2/Amon/tas/gn/v20201112/
907,ScenarioMIP,UKESM1-0-LL,ssp245,r12i1p1f2,Amon,tas,gn,gs://cmip6/CMIP6/ScenarioMIP/MOHC/UKESM1-0-LL/ssp245/r12i1p1f2/Amon/tas/gn/v20201113/
908,ScenarioMIP,UKESM1-0-LL,ssp245,r19i1p1f2,Amon,tas,gn,gs://cmip6/CMIP6/ScenarioMIP/MOHC/UKESM1-0-LL/ssp245/r19i1p1f2/Amon/tas/gn/v20201117/
